Workbook

Sheet Índice
E9: Direcção das Contas Nacionais
C10: Departamento das Contas Nacionais
B11: Contas Nacionais Trimestras - 2002 - 2025
B13: Índice
B14: Q1 | C14: Quadro 1 - PIB Petrolífero e Não Petrolífero
B15: Q2 | C15: Quadro 2 - Medidas de Volume Encadeadas(com Ajuste Sazonal) em Milhões de Kwanzas
B16: Q3 | C16: Quadro 3 -Variação % Trimestre por Trimestre ( Ajustado Sazonalmente)
B17: Q4 | C17: Quadro 4 - Contribuição % das Actividades Económicas na Taxa de Crescimento do PIB Trimestral Ajustado Sazonalmente
B18: Q5 | C18: Quadro 5 - PIB_Trimestral_Medidas de Volume Encadeadas (Não Ajustada) em Milhões de Kwanzas
B19: Q6 | C19: Quadro 6 - PIB_Trimestral_Medidas de Volume Encadeadas (Não Ajustada) - Variação Homóloga %
B20: Q7 | C20: Quadro 7 - Contribuição % das Actividades Económicas na Taxa de Crescimento do PIB Trimestral - Medidas de Volume Encadeadas (Não Ajustada)
B21: Q8 | C21: Quadro 8 - PIB Ttrimestral Valor de Medida_Encadeada Acumulada ao Longo do Ano em Milhões de Kwanzas
B22: Q9 | C22: Quadro 9 - Variação % Acumulada ao Longo do Ano
B23: Q10 | C23: Quadro 10 - PIB Trimestral- Valor de Medida Encadeada Acumulada nos Últimos 4 Trimestres em Milhões de Kwanzas
B24: Q11 | C24: Quadro 11 - Variação % Acumulada nos Últimos 4 Trimestres
B25: Q12 | C25: Quadro 12 - PIB em Milhões de Kwanzas a Preços Correntes
... B28: Q15 | C28: Quadro 15 - PIB por sector de actividades

Sheet Q1
C1: Quadro 1 - PIB Petrolífero e Não Petrolífero
D2: Em Milhões de Kwanzas | G2: Participação % | J2: Variação Homóloga % | M2: Contribuição %
B3: Período | D3: PIB Petroliféro (Extracção e Refino de Petróleo ) | E3: PIB NÃO PETROLIFÉRO | F3: PRODUCTO INTERNO BRUTO | G3: PIB Petroliféro (Extracção e Refino de Petróleo ) | H3: PIB NÃO PETROLIFÉRO | I3: PRODUCTO INTERNO BRUTO | J3: PIB Petroliféro (Extracção e Refino de Petróleo ) | K3: PIB NÃO PETROLIFÉRO | L3: PRODUCTO INTERNO BRUTO | M3: PIB Petroliféro (Extracção e Refino de Petróleo ) | N3: PIB NÃO PETROLIFÉRO | O3: PRODUCTO INTERNO BRUTO
B4: 2002 | C4: Total | D4: 295071.18 | E4: 458502.54 | F4: 753573.72 | G4: 39.156246 | H4: 60.843754 | I4: =+G4+H4 -> 100 | J4: 0 | L4: 0
B5: 2002 | C5: I TRIM | D5: 50703.677 | E5: 79602.785 | F5: 130306.46 | G5: 38.9111 | H5: 61.0889 | I5: =+G5+H5 -> 100 | J5: 0 | L5: 0
C6: II TRIM | D6: 66093.908 | E6: 100524.83 | F6: 166618.74 | G6: 39.667752 | H6: 60.332248 | I6: =+G6+H6 -> 100 | J6: 0 | L6: 0
C7: III TRIM | D7: 83830.978 | E7: 120347.54 | F7: 204178.51 | G7: 41.057689 | H7: 58.942311 | I7: =+G7+H7 -> 100 | J7: 0 | L7: 0
C8: IV TRIM | D8: 94442.62 | E8: 158027.39 | F8: 252470.01 | G8: 37.407461 | H8: 62.592539 | I8: =+G8+H8 -> 100 | J8: 0 | L8: 0
B9: 2003 | C9: Total | D9: 541281.93 | E9: 976369 | F9: 1517650.9 | G9: 35.665773 | H9: 64.334227 | I9: =+G9+H9 -> 100 | J9: -3.8749525 | K9: 8.2253281 | L9: 3.4873124 | M9: -1.5172859 | N9: 5.0045983 | O9: 3.4873124
B10: 2003 | C10: I TRIM | D10: 129469.82 | E10: 166831.59 | F10: 296301.42 | G10: 43.69531 | H10: 56.30469 | I10: =+G10+H10 -> 100 | J10: -4.0007568 | K10: 3.9210219 | L10: 0.81915072 | M10: -1.5665462 | N10: 2.3856969 | O10: 0.81915072
C11: II TRIM | D11: 124948.97 | E11: 232237.15 | F11: 357186.12 | G11: 34.981474 | H11: 65.018526 | I11: =+G11+H11 -> 100 | J11: -4.1256314 | K11: 9.9743297 | L11: 4.4533142 | M11: -1.6154424 | N11: 6.0687566 | O11: 4.4533142
C12: III TRIM | D12: 149175.34 | E12: 268783.5 | F12: 417958.84 | G12: 35.691396 | H12: 64.308604 | I12: =+G12+H12 -> 100 | J12: -4.0190518 | K12: 11.158899 | L12: 5.2157831 | M12: -1.5737098 | N12: 6.7894929 | O12: 5.2157831
C13: IV TRIM | D13: 137687.8 | E13: 308516.76 | F13: 446204.56 | G13: 30.85755 | H13: 69.14245 | I13: =+G13+H13 -> 100 | J13: -3.3574444 | K13: 7.8078614 | L13: 3.4359468 | M13: -1.3146492 | N13: 4.750596 | O13: 3.4359468
B14: 2004 | C14: Total | D14: 821202.14 | E14: 1434245.7 | F14: 2255447.9 | G14: 36.409715 | H14: 63.590285 | I14: =+G14+H14 -> 100 | J14: 13.755586 | K14: 10.12498 | L14: 11.419863 | M14: 4.906036 | N14: 6.5138274 | O14: 11.419863
B15: 2003 | C15: I TRIM | D15: 172541.71 | E15: 244074.08 | F15: 416615.79 | G15: 41.415068 | H15: 58.584932 | I15: =+G15+H15 -> 100 | J15: 12.669737 | K15: -6.1985197 | L15: 0.53098981 | M15: 4.5187595 | N15: -3.9877697 | O15: 0.53098981
C16: II TRIM | D16: 179895.27 | E16: 373933.97 | F16: 553829.23 | G16: 32.482082 | H16: 67.517918 | I16: =+G16+H16 -> 100 | J16: 13.932515 | K16: 19.603222 | L16: 17.58072 | M16: 4.969139 | N16: 12.611581 | O16: 17.58072
C17: III TRIM | D17: 223187.57 | E17: 384844.86 | F17: 608032.42 | G17: 36.706524 | H17: 63.293476 | I17: =+G17+H17 -> 100 | J17: 14.30167 | K17: 13.247868 | L17: 13.623714 | M17: 5.100801 | N17: 8.5229133 | O17: 13.623714
C18: IV TRIM | D18: 245577.59 | E18: 431392.83 | F18: 676970.42 | G18: 36.275971 | H18: 63.724029 | I18: =+G18+H18 -> 100 | J18: 14.143116 | K18: 12.815444 | L18: 13.288968 | M18: 5.0442516 | N18: 8.2447167 | O18: 13.288968
B19: 2005 | C19: Total | D19: 1560680.6 | E19: 2047414.7 | F19: 3608095.3 | G19: 43.254972 | H19: 56.745028 | I19: =+G19+H19 -> 100 | J19: 25.256772 | K19: 7.7981389 | L19: 14.154778 | M19: 9.1959188 | N19: 4.9588587 | O19: 14.154778
B20: 2003 | C20: I TRIM | D20: 351197.92 | E20: 461184.9 | F20: 812382.82 | G20: 43.230594 | H20: 56.769406 | I20: =+G20+H20 -> 100 | J20: 26.642065 | K20: 46.211285 | L20: 39.086188 | M20: 9.7002998 | N20: 29.385888 | O20: 39.086188
C21: II TRIM | D21: 357911.73 | E21: 526306.93 | F21: 884218.66 | G21: 40.47774 | H21: 59.52226 | I21: =+G21+H21 -> 100 | J21: 26.380336 | K21: 8.2424794 | L21: 14.846421 | M21: 9.6050053 | N21: 5.2414162 | O21: 14.846421
C22: III TRIM | D22: 461027.64 | E22: 538863.93 | F22: 999891.57 | G22: 46.107763 | H22: 53.892237 | I22: =+G22+H22 -> 100 | J22: 25.062703 | K22: 6.666227 | L22: 13.364332 | M22: 9.1252589 | N22: 4.2390728 | O22: 13.364332
C23: IV TRIM | D23: 390543.33 | E23: 521058.92 | F23: 911602.25 | G23: 42.841418 | H23: 57.158582 | I23: =+G23+H23 -> 100 | J23: 22.978415 | K23: -20.113813 | L23: -4.4240556 | M23: 8.3663753 | N23: -12.790431 | O23: -4.4240556
B24: 2006 | C24: Total | D24: 1904860.2 | E24: 2809021.4 | F24: 4713881.6 | G24: 40.40959 | H24: 59.59041 | I24: =+G24+H24 -> 100 | J24: 12.969347 | K24: 10.982338 | L24: 11.841818 | M24: 5.6098873 | N24: 6.2319305 | O24: 11.841818
B25: 2003 | C25: I TRIM | D25: 476232.51 | E25: 639079.86 | F25: 1115312.4 | G25: 42.699473 | H25: 57.300527 | I25: =+G25+H25 -> 100 | J25: 12.401153 | K25: 3.3304829 | L25: 7.2539986 | M25: 5.3641152 | N25: 1.8898835 | O25: 7.2539986
C26: II TRIM | D26: 500115.25 | E26: 715220.88 | F26: 1215336.1 | G26: 41.150365 | H26: 58.849635 | I26: =+G26+H26 -> 100 | J26: 11.557789 | K26: 4.1147072 | L26: 7.3342102 | M26: 4.9993185 | N26: 2.3348917 | O26: 7.3342102
C27: III TRIM | D27: 495177.77 | E27: 694518.82 | F27: 1189696.6 | G27: 41.62219 | H27: 58.37781 | I27: =+G27+H27 -> 100 | J27: 13.271641 | K27: 4.66276 | L27: 8.386529 | M27: 5.7406446 | N27: 2.6458845 | O27: 8.386529
C28: IV TRIM | D28: 433334.67 | E28: 760201.81 | F28: 1193536.5 | G28: 36.306781 | H28: 63.693219 | I28: =+G28+H28 -> 100 | J28: 14.646852 | K28: 33.629059 | L28: 25.41831 | M28: 6.3354917 | N28: 19.082819 | O28: 25.41831
B29: 2007 | C29: Total | D29: 2436848.8 | E29: 3165600.8 | F29: 5602449.6 | G29: 43.496131 | H29: 56.503869 | I29: =+G29+H29 -> 100 | J29: 21.652374 | K29: 7.137144 | L29: 13.002689 | M29: 8.7496355 | N29: 4.2530534 | O29: 13.002689
B30: 2003 | C30: I TRIM | D30: 541387.35 | E30: 720031.72 | F30: 1261419.1 | G30: 42.918913 | H30: 57.081087 | I30: =+G30+H30 -> 100 | J30: 21.880697 | K30: 8.8242912 | L30: 14.100331 | M30: 8.8419 | N30: 5.2584313 | O30: 14.100331
C31: II TRIM | D31: 533719.66 | E31: 794964.1 | F31: 1328683.8 | G31: 40.169051 | H31: 59.830949 | I31: =+G31+H31 -> 100 | J31: 22.105552 | K31: 8.0997152 | L31: 13.759416 | M31: 8.9327629 | N31: 4.8266535 | O31: 13.759416
C32: III TRIM | D32: 624830.23 | E32: 846321.93 | F32: 1471152.2 | G32: 42.472169 | H32: 57.527831 | I32: =+G32+H32 -> 100 | J32: 21.078131 | K32: 11.42461 | L32: 15.325558 | M32: 8.5175862 | N32: 6.807972 | O32: 15.325558
C33: IV TRIM | D33: 736911.6 | E33: 804283.02 | F33: 1541194.6 | G33: 47.814312 | H33: 52.185688 | I33: =+G33+H33 -> 100 | J33: 21.56124 | K33: 0.6913588 | L33: 9.1247923 | M33: 8.7128088 | N33: 0.41198355 | O33: 9.1247923
B34: 2008 | C34: Total | D34: 3231741.1 | E34: 4180836.4 | F34: 7412577.5 | G34: 43.598075 | H34: 56.401925 | I34: =+G34+H34 -> 100 | J34: 10.171587 | K34: 11.260095 | L34: 10.786636 | M34: 4.4242468 | N34: 6.3623893 | O34: 10.786636
B35: 2003 | C35: I TRIM | D35: 871927.81 | E35: 915628.42 | F35: 1787556.2 | G35: 48.777644 | H35: 51.222356 | I35: =+G35+H35 -> 100 | J35: 10.551784 | K35: 9.0646644 | L35: 9.7115038 | M35: 4.5896177 | N35: 5.1218861 | O35: 9.7115038
C36: II TRIM | D36: 1050516.7 | E36: 1004836.9 | F36: 2055353.6 | G36: 51.111238 | H36: 48.888762 | I36: =+G36+H36 -> 100 | J36: 10.914059 | K36: 2.6086871 | L36: 6.2212027 | M36: 4.7471936 | N36: 1.4740091 | O36: 6.2212027
C37: III TRIM | D37: 906829.11 | E37: 1059365.8 | F37: 1966194.9 | G37: 46.121018 | H37: 53.878982 | I37: =+G37+H37 -> 100 | J37: 10.070843 | K37: 4.7941024 | L37: 7.0892803 | M37: 4.380427 | N37: 2.7088533 | O37: 7.0892803
C38: IV TRIM | D38: 402467.54 | E38: 1201005.3 | F38: 1603472.8 | G38: 25.099742 | H38: 74.900258 | I38: =+G38+H38 -> 100 | J38: 9.1676382 | K38: 28.085846 | L38: 19.857157 | M38: 3.987568 | N38: 15.86959 | O38: 19.857157
B39: 2009 | C39: Total | D39: 1536797.1 | E39: 4944724.7 | F39: 6481521.8 | G39: 23.710436 | H39: 76.289564 | I39: =+G39+H39 -> 100 | J39: -6.2164049 | K39: 8.3433712 | L39: 1.9955891 | M39: -2.7102329 | N39: 4.705822 | O39: 1.9955891
B40: 2003 | C40: I TRIM | D40: 281768.2 | E40: 1149418.2 | F40: 1431186.4 | G40: 19.687736 | H40: 80.312264 | I40: =+G40+H40 -> 100 | J40: -7.3165217 | K40: 8.1994052 | L40: 1.4347597 | M40: -3.1898626 | N40: 4.6246224 | O40: 1.4347597
C41: II TRIM | D41: 349232.23 | E41: 1247936.4 | F41: 1597168.6 | G41: 21.865708 | H41: 78.134292 | I41: =+G41+H41 -> 100 | J41: -6.4040176 | K41: 16.673601 | L41: 6.6122033 | M41: -2.7920284 | N41: 9.4042318 | O41: 6.6122033
C42: III TRIM | D42: 394424.64 | E42: 1246621.7 | F42: 1641046.4 | G42: 24.034948 | H42: 75.965052 | I42: =+G42+H42 -> 100 | J42: -5.7806571 | K42: 12.987732 | L42: 4.8050756 | M42: -2.5202552 | N42: 7.3253309 | O42: 4.8050756
C43: IV TRIM | D43: 511371.99 | E43: 1300748.4 | F43: 1812120.4 | G43: 28.219537 | H43: 71.780463 | I43: =+G43+H43 -> 100 | J43: -5.3401742 | K43: -2.7973165 | L43: -3.9059535 | M43: -2.3282132 | N43: -1.5777404 | O43: -3.9059535
B44: 2010 | C44: Total | D44: 2885020.8 | E44: 5896287.7 | F44: 8781308.5 | G44: 32.85411 | H44: 67.14589 | I44: =+G44+H44 -> 100 | J44: -2.3148496 | K44: 7.6583563 | L44: 5.2936657 | M44: -0.54886092 | N44: 5.8425267 | O44: 5.2936657
B45: 2003 | C45: I TRIM | D45: 659961.73 | E45: 1371846 | F45: 2031807.8 | G45: 32.481505 | H45: 67.518495 | I45: =+G45+H45 -> 100 | J45: 1.3722483 | K45: 10.014891 | L45: 7.9656829 | M45: 0.32536606 | N45: 7.6403169 | O45: 7.9656829
C46: II TRIM | D46: 717777.64 | E46: 1524720.5 | F46: 2242498.1 | G46: 32.007948 | H46: 67.992052 | I46: =+G46+H46 -> 100 | J46: 1.8251557 | K46: 13.032393 | L46: 10.375108 | M46: 0.43275237 | N46: 9.9423559 | O46: 10.375108
C47: III TRIM | D47: 731403.24 | E47: 1534165.5 | F47: 2265568.7 | G47: 32.283428 | H47: 67.716572 | I47: =+G47+H47 -> 100 | J47: -2.3252723 | K47: 11.763444 | L47: 8.4229478 | M47: -0.55133219 | N47: 8.97428 | O47: 8.4229478
C48: IV TRIM | D48: 775878.17 | E48: 1465555.6 | F48: 2241433.8 | G48: 34.615261 | H48: 65.384739 | I48: =+G48+H48 -> 100 | J48: -10.042396 | K48: -3.465032 | L48: -5.0245538 | M48: -2.381096 | N48: -2.6434578 | O48: -5.0245538
B49: 2011 | C49: Total | D49: 4477821.8 | E49: 7315839.7 | F49: 11793661 | G49: 37.968037 | H49: 62.031963 | I49: =+G49+H49 -> 100 | J49: -5.0944431 | K49: 7.8450127 | L49: 3.5938696 | M49: -1.673734 | N49: 5.2676036 | O49: 3.5938696
B50: 2003 | C50: I TRIM | D50: 1015023.8 | E50: 1703650.4 | F50: 2718674.1 | G50: 37.335249 | H50: 62.664751 | I50: =+G50+H50 -> 100 | J50: -9.486725 | K50: 7.4602043 | L50: 1.8924414 | M50: -3.1167791 | N50: 5.0092205 | O50: 1.8924414
C51: II TRIM | D51: 1054665.1 | E51: 1880914.4 | F51: 2935579.5 | G51: 35.926982 | H51: 64.073018 | I51: =+G51+H51 -> 100 | J51: -15.556185 | K51: 4.1638117 | L51: -2.3150179 | M51: -5.1108463 | N51: 2.7958284 | O51: -2.3150179
C52: III TRIM | D52: 1177578.1 | E52: 1902463.8 | F52: 3080041.9 | G52: 38.232536 | H52: 61.767464 | I52: =+G52+H52 -> 100 | J52: -4.1030982 | K52: 7.0762979 | L52: 3.4034068 | M52: -1.3480364 | N52: 4.7514432 | O52: 3.4034068
C53: IV TRIM | D53: 1230554.8 | E53: 1828811.2 | F53: 3059366 | G53: 40.222543 | H53: 59.777457 | I53: =+G53+H53 -> 100 | J53: 10.323077 | K53: 13.00635 | L53: 12.124784 | M53: 3.3915552 | N53: 8.7332291 | O53: 12.124784
B54: 2012 | C54: Total | D54: 5000143.6 | E54: 8706468.3 | F54: 13706612 | G54: 36.479793 | H54: 63.520207 | I54: =+G54+H54 -> 100 | J54: 8.4989387 | K54: 8.5056838 | L54: 8.5031228 | M54: 3.2268802 | N54: 5.2762426 | O54: 8.5031228
B55: 2003 | C55: I TRIM | D55: 1366438.8 | E55: 2046496.3 | F55: 3412935.2 | G55: 40.037058 | H55: 59.962942 | I55: =+G55+H55 -> 100 | J55: 10.108351 | K55: 6.3847218 | L55: 7.7985105 | M55: 3.8379423 | N55: 3.9605682 | O55: 7.7985105
C56: II TRIM | D56: 1189299.2 | E56: 2255359.8 | F56: 3444658.9 | G56: 34.525891 | H56: 65.474109 | I56: =+G56+H56 -> 100 | J56: 16.68491 | K56: 11.301386 | L56: 13.345404 | M56: 6.3349329 | N56: 7.0104716 | O56: 13.345404
C57: III TRIM | D57: 1191974.5 | E57: 2340266.6 | F57: 3532241.1 | G57: 33.745558 | H57: 66.254442 | I57: =+G57+H57 -> 100 | J57: 4.1630785 | K57: 7.0548572 | L57: 5.9569056 | M57: 1.5806392 | N57: 4.3762664 | O57: 5.9569056
C58: IV TRIM | D58: 1252431.1 | E58: 2064345.6 | F58: 3316776.7 | G58: 37.760489 | H58: 62.239511 | I58: =+G58+H58 -> 100 | J58: 4.2131798 | K58: 8.8808823 | L58: 7.1086473 | M58: 1.5996617 | N58: 5.5089856 | O58: 7.1086473
B59: 2013 | C59: Total | D59: 4701738.6 | E59: 10139022 | F59: 14840760 | G59: 31.681251 | H59: 68.318749 | I59: =+G59+H59 -> 100 | J59: -0.83284022 | K59: 8.1657159 | L59: 4.8830613 | M59: -0.30381839 | N59: 5.1868797 | O59: 4.8830613
B60: 2003 | C60: I TRIM | D60: 1217447.8 | E60: 2495143.5 | F60: 3712591.3 | G60: 32.7924 | H60: 67.2076 | I60: =+G60+H60 -> 100 | J60: -2.1825081 | K60: 20.608007 | L60: 12.294074 | M60: -0.79617441 | N60: 13.090249 | O60: 12.294074
C61: II TRIM | D61: 1125509 | E61: 2712306.6 | F61: 3837815.6 | G61: 29.326813 | H61: 70.673187 | I61: =+G61+H61 -> 100 | J61: 3.0236774 | K61: 10.495407 | L61: 7.7697355 | M61: 1.1030312 | N61: 6.6667043 | O61: 7.7697355
C62: III TRIM | D62: 1213727.9 | E62: 2262919.8 | F62: 3476647.7 | G62: 34.910867 | H62: 65.089133 | I62: =+G62+H62 -> 100 | J62: 3.1865007 | K62: -15.527659 | L62: -8.7007723 | M62: 1.1624288 | N62: -9.8632012 | O62: -8.7007723
C63: IV TRIM | D63: 1145054 | E63: 2668651.9 | F63: 3813705.9 | G63: 30.024705 | H63: 69.975295 | I63: =+G63+H63 -> 100 | J63: -6.9501691 | K63: 16.932645 | L63: 8.2202438 | M63: -2.5354073 | N63: 10.755651 | O63: 8.2202438
B64: 2014 | C64: Total | D64: 3995141 | E64: 12170527 | F64: 16165668 | G64: 24.713739 | H64: 75.286261 | I64: =+G64+H64 -> 100 | J64: -2.475743 | K64: 7.9627775 | L64: 4.6557236 | M64: -0.78434636 | N64: 5.4400699 | O64: 4.6557236
B65: 2003 | C65: I TRIM | D65: 1040766.2 | E65: 2879056.4 | F65: 3919822.6 | G65: 26.55136 | H65: 73.44864 | I65: =+G65+H65 -> 100 | J65: -9.7482307 | K65: -7.757612 | L65: -8.3882649 | M65: -3.0883615 | N65: -5.2999034 | O65: -8.3882649
C66: II TRIM | D66: 1093889.3 | E66: 2964924.6 | F66: 4058813.9 | G66: 26.95096 | H66: 73.04904 | I66: =+G66+H66 -> 100 | J66: -6.7603033 | K66: -4.0790111 | L66: -4.928478 | M66: -2.1417487 | N66: -2.7867293 | O66: -4.928478
C67: III TRIM | D67: 1058842.9 | E67: 3040814 | F67: 4099656.8 | G67: 25.827598 | H67: 74.172402 | I67: =+G67+H67 -> 100 | J67: 0.30719074 | K67: 32.883184 | L67: 22.562701 | M67: 0.097321869 | N67: 22.46538 | O67: 22.562701
C68: IV TRIM | D68: 801642.58 | E68: 3285731.9 | F68: 4087374.5 | G68: 19.612653 | H68: 80.387347 | I68: =+G68+H68 -> 100 | J68: 6.5952702 | K68: 15.314066 | L68: 12.551842 | M68: 2.0894641 | N68: 10.462378 | O68: 12.551842
B69: 2015 | C69: Total | D69: 2607992.9 | E69: 13199324 | F69: 15807317 | G69: 16.498643 | H69: 83.501357 | I69: =+G69+H69 -> 100 | J69: 10.986598 | K69: -2.5927989 | L69: 0.76317771 | M69: 2.7151991 | N69: -1.9520214 | O69: 0.76317771
B70: 2003 | C70: I TRIM | D70: 588341.23 | E70: 3085758.3 | F70: 3674099.6 | G70: 16.013209 | H70: 83.986791 | I70: =+G70+H70 -> 100 | J70: 16.096339 | K70: 4.3969499 | L70: 7.2883063 | M70: 3.9780071 | N70: 3.3102992 | O70: 7.2883063
C71: II TRIM | D71: 741503.97 | E71: 3393475 | F71: 4134978.9 | G71: 17.932473 | H71: 82.067527 | I71: =+G71+H71 -> 100 | J71: 14.946312 | K71: 7.319314 | L71: 9.2042304 | M71: 3.6937926 | N71: 5.5104378 | O71: 9.2042304
C72: III TRIM | D72: 677175.45 | E72: 3359769.2 | F72: 4036944.7 | G72: 16.774455 | H72: 83.225545 | I72: =+G72+H72 -> 100 | J72: 8.1230223 | K72: -3.7543436 | L72: -0.81900241 | M72: 2.0075025 | N72: -2.8265049 | O72: -0.81900241
C73: IV TRIM | D73: 600972.27 | E73: 3360321.9 | F73: 3961294.2 | G73: 15.171109 | H73: 84.828891 | I73: =+G73+H73 -> 100 | J73: 5.7264543 | K73: -15.678613 | L73: -10.38862 | M73: 1.415221 | N73: -11.803841 | O73: -10.38862
B74: 2016 | C74: Total | D74: 2903001.5 | E74: 16158542 | F74: 19061544 | G74: 15.229624 | H74: 84.770376 | I74: =+G74+H74 -> 100 | J74: -2.5457987 | K74: 0.22388295 | L74: -0.23307695 | M74: -0.42002225 | N74: 0.1869453 | O74: -0.23307695
C75: I TRIM | D75: 542984.08 | E75: 3783280.6 | F75: 4326264.6 | G75: 12.550875 | H75: 87.449125 | I75: =+G75+H75 -> 100 | J75: 4.5739869 | K75: 5.3579931 | L75: 5.2286427 | M75: 0.75464579 | N75: 4.4739969 | O75: 5.2286427
C76: II TRIM | D76: 768394.11 | E76: 4062825.7 | F76: 4831219.8 | G76: 15.904764 | H76: 84.095236 | I76: =+G76+H76 -> 100 | J76: -1.2458234 | K76: -0.12321954 | L76: -0.30843395 | M76: -0.20554397 | N76: -0.10288999 | O76: -0.30843395
C77: III TRIM | D77: 785701.12 | E77: 4083634.5 | F77: 4869335.6 | G77: 16.135695 | H77: 83.864305 | I77: =+G77+H77 -> 100 | J77: -3.4541397 | K77: -2.9003099 | L77: -2.9916843 | M77: -0.5698862 | N77: -2.4217981 | O77: -2.9916843
C78: IV TRIM | D78: 805922.21 | E78: 4228801.7 | F78: 5034723.9 | G78: 16.007277 | H78: 83.992723 | I78: =+G78+H78 -> 100 | J78: -9.7628724 | K78: -1.388174 | L78: -2.7698856 | M78: -1.6107415 | N78: -1.1591441 | O78: -2.7698856
B79: 2017 | C79: Total | D79: 3665503.7 | E79: 19879735 | F79: 23545238 | G79: 15.567919 | H79: 84.432081 | I79: =+G79+H79 -> 100 | J79: -8.5947161 | K79: 1.3498281 | L79: -0.16468866 | M79: -1.308943 | N79: 1.1442543 | O79: -0.16468866
B80: 2003 | C80: I TRIM | D80: 881665.53 | E80: 4706091.1 | F80: 5587756.7 | G80: 15.778524 | H80: 84.221476 | I80: =+G80+H80 -> 100 | J80: -12.125784 | K80: -3.6785828 | L80: -4.9650598 | M80: -1.8467114 | N80: -3.1183484 | O80: -4.9650598
C81: II TRIM | D81: 830962.47 | E81: 4841147.9 | F81: 5672110.4 | G81: 14.64997 | H81: 85.35003 | I81: =+G81+H81 -> 100 | J81: -10.211897 | K81: 0.81425835 | L81: -0.86498372 | M81: -1.5552336 | N81: 0.69024986 | O81: -0.86498372
C82: III TRIM | D82: 915939.98 | E82: 5180752.4 | F82: 6096692.4 | G82: 15.023556 | H82: 84.976444 | I82: =+G82+H82 -> 100 | J82: -7.1223089 | K82: 6.3043821 | L82: 4.2595475 | M82: -1.0847009 | N82: 5.3442484 | O82: 4.2595475
C83: IV TRIM | D83: 1036935.7 | E83: 5151743.4 | F83: 6188679.1 | G83: 16.755364 | H83: 83.244636 | I83: =+G83+H83 -> 100 | J83: -4.4956625 | K83: 2.2914381 | L83: 1.2577882 | M83: -0.6846725 | N83: 1.9424607 | O83: 1.2577882
B84: 2018 | C84: Total | D84: 6575536.7 | E84: 22618244 | F84: 29193781 | G84: 22.523758 | H84: 77.476242 | I84: =+G84+H84 -> 100 | J84: -9.1895045 | K84: 1.0942725 | L84: -0.50669754 | M84: -1.4306146 | N84: 0.92391708 | O84: -0.50669754
B85: 2003 | C85: I TRIM | D85: 1301407.6 | E85: 5259435 | F85: 6560842.6 | G85: 19.835982 | H85: 80.164018 | I85: =+G85+H85 -> 100 | J85: -6.7934788 | K85: -0.46162382 | L85: -1.4473619 | M85: -1.0576033 | N85: -0.3897586 | O85: -1.4473619
C86: II TRIM | D86: 1607251.8 | E86: 5666312.9 | F86: 7273564.7 | G86: 22.097168 | H86: 77.902832 | I86: =+G86+H86 -> 100 | J86: -7.5670416 | K86: -1.6404563 | L86: -2.5631023 | M86: -1.1780309 | N86: -1.3850714 | O86: -2.5631023
C87: III TRIM | D87: 1833028.4 | E87: 5699828.5 | F87: 7532856.9 | G87: 24.333775 | H87: 75.666225 | I87: =+G87+H87 -> 100 | J87: -12.200962 | K87: -0.060713423 | L87: -1.9506975 | M87: -1.8994358 | N87: -0.051261606 | O87: -1.9506975
C88: IV TRIM | D88: 1833848.9 | E88: 5992668.1 | F88: 7826517 | G88: 23.431227 | H88: 76.568773 | I88: =+G88+H88 -> 100 | J88: -10.136195 | K88: 6.7098323 | L88: 4.0872564 | M88: -1.5779946 | N88: 5.665251 | O88: 4.0872564
B89: 2019 | C89: Total | D89: 8158227.9 | E89: 26576807 | F89: 34735035 | G89: 23.48703 | H89: 76.51297 | I89: =+G89+H89 -> 100 | J89: -7.1960941 | K89: 0.73002599 | L89: -1.0552341 | M89: -1.6208308 | N89: 0.5655967 | O89: -1.0552341
B90: 2003 | C90: I TRIM | D90: 1743562 | E90: 6186495 | F90: 7930057 | G90: 21.986752 | H90: 78.013248 | I90: =+G90+H90 -> 100 | J90: -7.5270111 | K90: 4.7726207 | L90: 2.0022814 | M90: -1.6953658 | N90: 3.6976472 | O90: 2.0022814
C91: II TRIM | D91: 2007673.3 | E91: 6336815.4 | F91: 8344488.7 | G91: 24.059872 | H91: 75.940128 | I91: =+G91+H91 -> 100 | J91: -6.5406912 | K91: -1.114894 | L91: -2.3369875 | M91: -1.4732095 | N91: -0.863778 | O91: -2.3369875
C92: III TRIM | D92: 1910576 | E92: 6694430 | F92: 8605005.9 | G92: 22.203075 | H92: 77.796925 | I92: =+G92+H92 -> 100 | J92: -7.8812751 | K92: -1.071935 | L92: -2.6056544 | M92: -1.7751594 | N92: -0.83049498 | O92: -2.6056544
C93: IV TRIM | D93: 2496416.7 | E93: 7359066.6 | F93: 9855483.2 | G93: 25.330231 | H93: 74.669769 | I93: =+G93+H93 -> 100 | J93: -6.8291184 | K93: 0.44243494 | L93: -1.1953922 | M93: -1.5381741 | N93: 0.34278196 | O93: -1.1953922
B94: 2020 | C94: Total | D94: 7589421.7 | E94: 30654225 | F94: 38243647 | G94: 19.844921 | H94: 80.155079 | I94: =+G94+H94 -> 100 | J94: -6.7299263 | K94: -4.8264124 | L94: -5.2734913 | M94: -1.5806598 | N94: -3.6928315 | O94: -5.2734913
B95: 2003 | C95: I TRIM | D95: 2121868.5 | E95: 7461777.8 | F95: 9583646.3 | G95: 22.140513 | H95: 77.859487 | I95: =+G95+H95 -> 100 | J95: -1.2255483 | K95: 1.8052612 | L95: 1.0934141 | M95: -0.28784489 | N95: 1.381259 | O95: 1.0934141
C96: II TRIM | D96: 1247945.1 | E96: 7033683.4 | F96: 8281628.5 | G96: 15.068837 | H96: 84.931163 | I96: =+G96+H96 -> 100 | J96: -9.0476931 | K96: -10.93458 | L96: -10.491407 | M96: -2.1250343 | N96: -8.3663722 | O96: -10.491407
C97: III TRIM | D97: 2044051 | E97: 7596908.4 | F97: 9640959.5 | G97: 21.201739 | H97: 78.798261 | I97: =+G97+H97 -> 100 | J97: -5.721724 | K97: -7.2756348 | L97: -6.9106673 | M97: -1.343863 | N97: -5.5668043 | O97: -6.9106673
C98: IV TRIM | D98: 2175557.1 | E98: 8561855.6 | F98: 10737413 | G98: 20.261465 | H98: 79.738535 | I98: =+G98+H98 -> 100 | J98: -11.118503 | K98: -3.0059157 | L98: -4.9113214 | M98: -2.611406 | N98: -2.2999154 | O98: -4.9113214
B99: 2021 | C99: Total | D99: 12493797 | E99: 39929951 | F99: 52423748 | G99: 23.832323 | H99: 76.167677 | I99: =+G99+H99 -> 100 | J99: -11.450627 | K99: 4.1955564 | L99: 1.0905837 | M99: -2.2723679 | N99: 3.3629516 | O99: 1.0905837
B100: 2003 | C100: I TRIM | D100: 2778783.7 | E100: 8851453 | F100: 11630237 | G100: 23.892752 | H100: 76.107248 | I100: =+G100+H100 -> 100 | J100: -19.181822 | K100: -5.5217236 | L100: -8.2325594 | M100: -3.8066174 | N100: -4.4259419 | O100: -8.2325594
...

Sheet Q2
C1: Quadro 2 - Medidas de Volume Encadeadas(com Ajuste Sazonal) em Milhões de Kwanzas
B2: Período | D2: Agro-Pecuária e Silvicultura | E2: Pesca e Aquicultura | F2: Extracção e Refino de Petróleo | G2: Extracção de Diamantes, Minerais Metálicos e de Outros Minerais não Metálicos | H2: Produtos da Indústria Transformadora | I2: Produção de Electricidade, Água e Saneamento | J2: Construção | K2: Comércio e Raparação de Veiculos | L2: Serviço de Alojamento e Restauração | M2: Transportes e Armazenagem | N2: Actividades de informação e de comunicação | O2: Intermediação Financeira e de Seguros | P2: Administração Pública, Defesa e Segurança Social Obrigatória | Q2: Serviços Imobiliários e Aluguer | R2: Outros Serviços | S2: Imposto sobre os produtos | T2: Subsídios (-) | U2: PRODUCTO INTERNO BRUTO
B3: 2002 | C3: I TRIM | D3: 198659.46 | E3: 19249.05 | F3: 317550.06 | G3: 12771.318 | H3: 86070.548 | I3: 11169.378 | J3: 132954.36 | K3: 164848.98 | L3: 37220.871 | M3: 73600.344 | N3: 21183.762 | O3: 28349.376 | P3: 183197.47 | Q3: 68452.273 | R3: 84785.152 | S3: 45536.408 | T3: -16118.798 | U3: 1521100.2
C4: II TRIM | D4: 199296.23 | E4: 19712.953 | F4: 302058.3 | G4: 11663.619 | H4: 85196.518 | I4: 11910.01 | J4: 134623.22 | K4: 182167.95 | L4: 33349.833 | M4: 73496.351 | N4: 21362.352 | O4: 30889.772 | P4: 194161.38 | Q4: 72003.427 | R4: 89482.096 | S4: 49890.561 | T4: -18218.301 | U4: 1552830.4
C5: III TRIM | D5: 201708.94 | E5: 19989.561 | F5: 312003.28 | G5: 14470.689 | H5: 85445.263 | I5: 13035.15 | J5: 137655.41 | K5: 203860.47 | L5: 31658.495 | M5: 72981.114 | N5: 21479.211 | O5: 40614.693 | P5: 200323.99 | Q5: 74893.458 | R5: 98415.164 | S5: 55341.372 | T5: -20810.12 | U5: 1623993
C6: IV TRIM | D6: 204558.43 | E6: 18931.125 | F6: 310387.97 | G6: 13848.169 | H6: 86872.041 | I6: 12364.386 | J6: 142008.55 | K6: 233148.63 | L6: 30600.512 | M6: 72336.05 | N6: 21632.218 | O6: 47578.133 | P6: 218788.16 | Q6: 86237.551 | R6: 112824.83 | S6: 71518.252 | T6: -26688.71 | U6: 1724172.6
B7: 2003 | C7: I TRIM | D7: 211597.23 | E7: 20305.874 | F7: 304845.65 | G7: 12647.069 | H7: 89177.105 | I7: 13909.063 | J7: 147301.57 | K7: 179278.82 | L7: 38459.252 | M7: 73513.89 | N7: 22073.309 | O7: 27534.652 | P7: 200802.36 | Q7: 65051.793 | R7: 87165.925 | S7: 55168.09 | T7: -19054.368 | U7: 1532512.8
C8: II TRIM | D8: 216267.63 | E8: 20976.239 | F8: 289596.49 | G8: 15184.672 | H8: 89696.012 | I8: 13957.943 | J8: 154489.79 | K8: 205566.63 | L8: 36424.399 | M8: 73720.324 | N8: 22464.69 | O8: 33242.507 | P8: 214203.9 | Q8: 73343.738 | R8: 94541.016 | S8: 59261.368 | T8: -18735.933 | U8: 1620315.7
C9: III TRIM | D9: 220945.34 | E9: 21375.117 | F9: 299463.71 | G9: 19181.876 | H9: 91397.42 | I9: 12876.312 | J9: 162985.09 | K9: 220427.92 | L9: 36529.163 | M9: 73605.087 | N9: 22631.436 | O9: 44932.474 | P9: 218155.28 | Q9: 83844.741 | R9: 102588.79 | S9: 63199.018 | T9: -18308.962 | U9: 1709730.9
C10: IV TRIM | D10: 226198.71 | E10: 21060.934 | F10: 299966.87 | G10: 16188.743 | H10: 94674.331 | I10: 13489.262 | J10: 172833.86 | K10: 231606.62 | L10: 37869.957 | M10: 74110.729 | N10: 22589.625 | O10: 50617.162 | P10: 228165.24 | Q10: 89041.277 | R10: 111211.99 | S10: 75582.27 | T10: -20388.983 | U10: 1787247.3
B11: 2004 | C11: I TRIM | D11: 233500.86 | E11: 22030.038 | F11: 343468.79 | G11: 15656.92 | H11: 103671.39 | I11: 14046.099 | J11: 183734.49 | K11: 213575.26 | L11: 42587.071 | M11: 76624.575 | N11: 22447.149 | O11: 33911.205 | P11: 234888.2 | Q11: 82559.679 | R11: 106228.89 | S11: 57441.614 | T11: -81742.836 | U11: 1537464.4
C12: II TRIM | D12: 237482.3 | E12: 22458.919 | F12: 329944.57 | G12: 16431.813 | H12: 108790.28 | I12: 15478.218 | J12: 193833.28 | K12: 221244.82 | L12: 44753.435 | M12: 78258.038 | N12: 22932.277 | O12: 31584.591 | P12: 228738.59 | Q12: 82123.303 | R12: 110972.41 | S12: 65479.848 | T12: -1154.8423 | U12: 1903049.4
C13: III TRIM | D13: 241211.56 | E13: 22662.984 | F13: 342292.02 | G13: 18049.641 | H13: 112251.21 | I13: 16763.473 | J13: 202669.12 | K13: 224970.2 | L13: 45677.62 | M13: 79527.118 | N13: 23714.766 | O13: 43926.245 | P13: 251425.99 | Q13: 77075.967 | R13: 113133.61 | S13: 56429.131 | T13: -1186.5571 | U13: 1942316.4
C14: IV TRIM | D14: 245781.89 | E14: 21842.576 | F14: 342391.53 | G14: 17793.462 | H14: 112676.35 | I14: 15573.659 | J14: 209851.77 | K14: 233966.47 | L14: 44260.319 | M14: 81156.554 | N14: 23830.921 | O14: 52159.246 | P14: 238706.73 | Q14: 76885.399 | R14: 116559.5 | S14: 84545.204 | T14: -1290.5463 | U14: 2034518.5
B15: 2005 | C15: I TRIM | D15: 243495.63 | E15: 22299.293 | F15: 434975.97 | G15: 13654.908 | H15: 114948 | I15: 16118.247 | J15: 215154.47 | K15: 243610.66 | L15: 44526.582 | M15: 83855.208 | N15: 21810.394 | O15: 33944.593 | P15: 275165.61 | Q15: 84202.569 | R15: 116195.85 | S15: 67792.692 | T15: -2288.4876 | U15: 2130432.5
C16: II TRIM | D16: 245686.99 | E16: 22959.059 | F16: 416985.05 | G16: 14973.456 | H16: 117217.82 | I16: 16026.161 | J16: 220649.81 | K16: 246876.63 | L16: 41880.904 | M16: 86175.108 | N16: 19181.038 | O16: 41507.005 | P16: 266843.31 | Q16: 84683.125 | R16: 116694.03 | S16: 68875.287 | T16: -2432.1554 | U16: 2183279.6
C17: III TRIM | D17: 251714.68 | E17: 23902.196 | F17: 428079.65 | G17: 15204.26 | H17: 119346.45 | I17: 16415.916 | J17: 225937.81 | K17: 247643.13 | L17: 39817.199 | M17: 87857.906 | N17: 17209.36 | O17: 53333.354 | P17: 256302.66 | Q17: 82651.007 | R17: 119360.07 | S17: 65696.63 | T17: -2382.1298 | U17: 2200469.3
C18: IV TRIM | D18: 262424.32 | E18: 24164.416 | F18: 421067.67 | G18: 12839.608 | H18: 120608.8 | I18: 17946.074 | J18: 230978.7 | K18: 249662.93 | L18: 40122.846 | M18: 89110.808 | N18: 16771.563 | O18: 66325.45 | P18: 274326.04 | Q18: 82569.142 | R18: 125507.48 | S18: 89659.644 | T18: -84375.011 | U18: 1955859.1
B19: 2006 | C19: I TRIM | D19: 272824.75 | E19: 26668.831 | F19: 488918 | G19: 17477.84 | H19: 124316.12 | I19: 19119.297 | J19: 235655.72 | K19: 258371.35 | L19: 48919.256 | M19: 90847.573 | N19: 18671.758 | O19: 37136.016 | P19: 284833.08 | Q19: 86725.838 | R19: 135520.2 | S19: 62022.121 | T19: -19622.933 | U19: 2274791.4
C20: II TRIM | D20: 281344.98 | E20: 27947.398 | F20: 465179.31 | G20: 16971.207 | H20: 126963.58 | I20: 19009.201 | J20: 242767.42 | K20: 253985.04 | L20: 51536.178 | M20: 92669.42 | N20: 20404.309 | O20: 40590.493 | P20: 326409.36 | Q20: 87359.872 | R20: 139224 | S20: 67189.653 | T20: -20646.574 | U20: 2343268.7
C21: III TRIM | D21: 287662.24 | E21: 29029.914 | F21: 484892.85 | G21: 19513.612 | H21: 128944.48 | I21: 19863.882 | J21: 251755.32 | K21: 255267.04 | L21: 54529.707 | M21: 93452.888 | N21: 21600.938 | O21: 61039.736 | P21: 266119.82 | Q21: 86151.423 | R21: 138093.22 | S21: 77578.538 | T21: -22223.698 | U21: 2380695.8
C22: IV TRIM | D22: 293525.27 | E22: 30532.394 | F22: 482740.83 | G22: 18901.569 | H22: 130202.98 | I22: 22491.355 | J22: 262764.28 | K22: 261616.53 | L22: 55979.389 | M22: 94028.546 | N22: 21962.19 | O22: 89833.516 | P22: 319627.05 | Q22: 94469.85 | R22: 132993.3 | S22: 103868.52 | T22: -39443.749 | U22: 2465679.1
B23: 2007 | C23: I TRIM | D23: 294182.69 | E23: 30347.98 | F23: 595896.67 | G23: 19612.769 | H23: 130707.85 | I23: 12623.682 | J23: 275517.5 | K23: 277384.34 | L23: 56392.958 | M23: 95937.662 | N23: 21566.195 | O23: 47125.503 | P23: 337448.26 | Q23: 92676.873 | R23: 126870.55 | S23: 89191.673 | T23: -27987.468 | U23: 2590575.3
C24: II TRIM | D24: 295700.72 | E24: 30222.356 | F24: 568009.76 | G24: 16649.152 | H24: 131469.38 | I24: 24845.651 | J24: 287123.13 | K24: 283402.11 | L24: 58421.917 | M24: 98393.842 | N24: 21760.401 | O24: 51617.035 | P24: 340365.55 | Q24: 92940.942 | R24: 119679.35 | S24: 86699.158 | T24: -14516.278 | U24: 2661769.4
C25: III TRIM | D25: 298840.36 | E25: 30474.119 | F25: 587099.2 | G25: 22248.515 | H25: 132539.76 | I25: 25261.45 | J25: 297233.06 | K25: 293324.82 | L25: 59086.583 | M25: 101197.93 | N25: 22669.883 | O25: 65753.505 | P25: 338189.74 | Q25: 92688.784 | R25: 116296.65 | S25: 90215.897 | T25: -1526.1286 | U25: 2739700.4
C26: IV TRIM | D26: 304999.43 | E26: 30590.298 | F26: 586825.74 | G26: 28275.851 | H26: 134703.82 | I26: 24823.871 | J26: 305575.62 | K26: 305849.83 | L26: 58956.02 | M26: 106169.07 | N26: 24471.415 | O26: 76843.567 | P26: 314257.19 | Q26: 93613.203 | R26: 118461.88 | S26: 87290.982 | T26: -66041.647 | U26: 2703358.4
B27: 2008 | C27: I TRIM | D27: 310654.78 | E27: 30506.099 | F27: 658774.4 | G27: 22384.442 | H27: 136104.57 | I27: 25007.009 | J27: 311689.95 | K27: 324497.92 | L27: 61394.781 | M27: 112957.48 | N27: 27444.182 | O27: 43600.991 | P27: 298012.96 | Q27: 99384.178 | R27: 124069.68 | S27: 81032.798 | T27: -21452.415 | U27: 2839647.5
C28: II TRIM | D28: 314302.07 | E28: 30785.409 | F28: 630002.68 | G28: 23601.017 | H28: 136470.91 | I28: 20266.546 | J28: 316732.06 | K28: 335100.39 | L28: 63393.172 | M28: 118529.78 | N28: 30246.94 | O28: 47283.246 | P28: 327506.51 | Q28: 101137.24 | R28: 125914.08 | S28: 106415.17 | T28: -44630.148 | U28: 2825708.8
C29: III TRIM | D29: 317754.86 | E29: 31417.966 | F29: 646225.03 | G29: 23816.482 | H29: 137082.78 | I29: 25455.501 | J29: 320636.56 | K29: 345426.32 | L29: 64511.141 | M29: 122727.29 | N29: 32641.953 | O29: 67425.599 | P29: 369671.27 | Q29: 103284.81 | R29: 127796.69 | S29: 113887.52 | T29: -35820.413 | U29: 2920705.6
C30: IV TRIM | D30: 322595.84 | E30: 31609.621 | F30: 640623.8 | G30: 15351.173 | H30: 140517.63 | I30: 25337.907 | J30: 323691.91 | K30: 352682.14 | L30: 65596.98 | M30: 124025.65 | N30: 34521.415 | O30: 108071.64 | P30: 392310.12 | Q30: 106690.29 | R30: 129408.28 | S30: 111039.92 | T30: -6539.4877 | U30: 3256619.7
B31: 2009 | C31: I TRIM | D31: 325130.07 | E31: 32664.851 | F31: 610575.03 | G31: 17293.647 | H31: 146006.52 | I31: 22023.002 | J31: 325552.42 | K31: 357054.92 | L31: 67816.08 | M31: 122546.35 | N31: 36191.598 | O31: 63299.244 | P31: 393401.23 | Q31: 100084.89 | R31: 130539.5 | S31: 114232.48 | T31: -8102.1084 | U31: 2885049
C32: II TRIM | D32: 328369.52 | E32: 33337.368 | F32: 589657.2 | G32: 25973.425 | H32: 149073.9 | I32: 26513.967 | J32: 331235.93 | K32: 362438.63 | L32: 71615.22 | M32: 123235.84 | N32: 37824.448 | O32: 60974.852 | P32: 410820.56 | Q32: 110851.15 | R32: 131057.33 | S32: 91350.109 | T32: -15577.615 | U32: 3002895.3
C33: III TRIM | D33: 335236.56 | E33: 33827.082 | F33: 608868.98 | G33: 23724.984 | H33: 152441.91 | I33: 26364.092 | J33: 339682.74 | K33: 369163.08 | L33: 73792.943 | M33: 124403.91 | N33: 38756.667 | O33: 85823.959 | P33: 384793.28 | Q33: 114666.93 | R33: 133019.84 | S33: 106892.42 | T33: -14821.291 | U33: 3049818.3
C34: IV TRIM | D34: 347119.17 | E34: 33243.036 | F34: 606413.38 | G34: 21832.485 | H34: 154886.69 | I34: 26891.276 | J34: 351452.37 | K34: 375445.88 | L34: 75744.958 | M34: 128013.71 | N34: 38346.575 | O34: 70180.034 | P34: 441609.17 | Q34: 116394.27 | R34: 136841.94 | S34: 99900.403 | T34: -69941.45 | U34: 3145917.3
B35: 2010 | C35: I TRIM | D35: 359869.46 | E35: 32924.6 | F35: 618953.64 | G35: 21757.964 | H35: 158065.41 | I35: 27320.046 | J35: 365610.84 | K35: 381128.31 | L35: 74606.071 | M35: 130896.51 | N35: 36563.604 | O35: 53916.544 | P35: 422212.5 | Q35: 114977.48 | R35: 140228.51 | S35: 82672.158 | T35: -1638.051 | U35: 3118660.1
C36: II TRIM | D36: 369138.52 | E36: 33386.065 | F36: 600419.36 | G36: 19788.766 | H36: 162623.65 | I36: 25855.097 | J36: 376996.77 | K36: 390491.13 | L36: 79854.809 | M36: 133984.09 | N36: 36709.805 | O36: 62210.359 | P36: 458326.12 | Q36: 116971.79 | R36: 144919.33 | S36: 99101.936 | T36: -5522.0699 | U36: 3305885.8
C37: III TRIM | D37: 377208.63 | E37: 34387.539 | F37: 594711.12 | G37: 20993.895 | H37: 166843.27 | I37: 28198.798 | J37: 384989.96 | K37: 402549.91 | L37: 82540.748 | M37: 137642.88 | N37: 39855.275 | O37: 73608.727 | P37: 426278.19 | Q37: 118224.68 | R37: 149954.67 | S37: 126983.42 | T37: -3272.7913 | U37: 3296291.5
C38: IV TRIM | D38: 385906.85 | E38: 33977.297 | F38: 545514.94 | G38: 19932.129 | H38: 169826.28 | I38: 30498.6 | J38: 389611.05 | K38: 414240.56 | L38: 85099.1 | M38: 143918.14 | N38: 47328.845 | O38: 97105.936 | P38: 387082.02 | Q38: 118627.1 | R38: 155033.16 | S38: 130547.3 | T38: -121221.81 | U38: 2995404.7
B39: 2011 | C39: I TRIM | D39: 390575.77 | E39: 36398.955 | F39: 560235.21 | G39: 19937.825 | H39: 174446.3 | I39: 29458.032 | J39: 390375.22 | K39: 420617.94 | L39: 80809.722 | M39: 143558.32 | N39: 59760.868 | O39: 63515.775 | P39: 421820.95 | Q39: 119061.96 | R39: 156214.84 | S39: 97256.78 | T39: -2040.6233 | U39: 3189716.8
C40: II TRIM | D40: 393911.4 | E40: 37988.252 | F40: 507017.01 | G40: 24104.985 | H40: 178709.85 | I40: 29589.264 | J40: 399920.39 | K40: 429615.57 | L40: 86782.536 | M40: 145264.14 | N40: 70908.019 | O40: 54345.106 | P40: 410544.2 | Q40: 119949.64 | R40: 160073.52 | S40: 110094.14 | T40: -1956.0763 | U40: 3218031.8
C41: III TRIM | D41: 399210.6 | E41: 39462.441 | F41: 570309.54 | G41: 18352.811 | H41: 182468.42 | I41: 29117.402 | J41: 415784.03 | K41: 437263.94 | L41: 87994.597 | M41: 153273.57 | N41: 78553.459 | O41: 85935.94 | P41: 418909.06 | Q41: 124205.85 | R41: 163252.33 | S41: 107153.22 | T41: -3818.2026 | U41: 3405035
C42: IV TRIM | D42: 407381.07 | E42: 41015.595 | F42: 601828.87 | G42: 22850.747 | H42: 186046.92 | I42: 27823.981 | J42: 439149.05 | K42: 441467.38 | L42: 86036.834 | M42: 167014.46 | N42: 80744.237 | O42: 89310.703 | P42: 429721.36 | Q42: 131563.53 | R42: 166111.04 | S42: 106518.36 | T42: -143138.29 | U42: 3356401.8
B43: 2012 | C43: I TRIM | D43: 412989.42 | E43: 41602.399 | F43: 616865.74 | G43: 20731.381 | H43: 187003.73 | I43: 31405.505 | J43: 468722.12 | K43: 457860.05 | L43: 81034.413 | M43: 166747.62 | N43: 76929.792 | O43: 56056.661 | P43: 408134.37 | Q43: 141715.33 | R43: 169980.26 | S43: 92721.728 | T43: -3743.1403 | U43: 3449338.8
C44: II TRIM | D44: 417308.06 | E44: 42019.157 | F44: 591612.34 | G44: 20253.299 | H44: 192293.94 | I44: 32891.665 | J44: 498067.86 | K44: 463800.23 | L44: 78626.188 | M44: 165506.4 | N44: 75454.344 | O44: 64646.127 | P44: 404308.91 | Q44: 147500.55 | R44: 172874.29 | S44: 109602.03 | T44: -3508.4956 | U44: 3647796.9
C45: III TRIM | D45: 424305.54 | E45: 42493.931 | F45: 594051.97 | G45: 21010.156 | H45: 197275.6 | I45: 32800.538 | J45: 524395.24 | K45: 465349.24 | L45: 77589.161 | M45: 170152.48 | N45: 75834.217 | O45: 97165.319 | P45: 457995.29 | Q45: 152056.61 | R45: 173746.95 | S45: 98991.47 | T45: -3281.5977 | U45: 3604710.2
C46: IV TRIM | D46: 433263.41 | E46: 43868.657 | F46: 627185 | G46: 21453.199 | H46: 203124.49 | I46: 30706.525 | J46: 548339.93 | K46: 463322.08 | L46: 81792.526 | M46: 171998.53 | N46: 78453.252 | O46: 76455.758 | P46: 458897.59 | Q46: 155214.18 | R46: 173422.23 | S46: 111011.9 | T46: -152064.49 | U46: 3579939
B47: 2013 | C47: I TRIM | D47: 440205.01 | E47: 43566.019 | F47: 603402.6 | G47: 20529.969 | H47: 204875.78 | I47: 37727.668 | J47: 569775.52 | K47: 478259.25 | L47: 85557.147 | M47: 198175.22 | N47: 83779.614 | O47: 48968.019 | P47: 464978.78 | Q47: 155625.75 | R47: 173126.89 | S47: 110841.84 | T47: -2795.5904 | U47: 3890625.6
C48: II TRIM | D48: 440401.31 | E48: 43435.713 | F48: 609500.79 | G48: 21104.311 | H48: 210029.23 | I48: 43216.904 | J48: 588687.32 | K48: 486612 | L48: 91495.583 | M48: 192006.23 | N48: 89454.613 | O48: 63095.805 | P48: 456328.67 | Q48: 154501.86 | R48: 176379.59 | S48: 113794.75 | T48: -9138.3661 | U48: 3932450.4
C49: III TRIM | D49: 439264.99 | E49: 43188.531 | F49: 612981.44 | G49: 22537.424 | H49: 212442.51 | I49: 37860.245 | J49: 600955.82 | K49: 492071.49 | L49: 97185.604 | M49: 171473.46 | N49: 93564.217 | O49: 88179.746 | P49: 456672.14 | Q49: 153006.14 | R49: 182406.18 | S49: 116714.61 | T49: -132705.89 | U49: 3294458.9
C50: IV TRIM | D50: 435784.73 | E50: 43885.132 | F50: 583594.58 | G50: 22669.271 | H50: 213826.44 | I50: 41126.017 | J50: 607589.5 | K50: 496056.48 | L50: 103766.63 | M50: 151727.6 | N50: 95002.347 | O50: 84210.102 | P50: 470397.03 | Q50: 151016.29 | R50: 188287.54 | S50: 146463.48 | T50: -42013.809 | U50: 3851483.2
B51: 2014 | C51: I TRIM | D51: 466010.69 | E51: 61409.502 | F51: 544581.52 | G51: 19509.065 | H51: 169622.86 | I51: 41448.124 | J51: 675784.33 | K51: 539143.37 | L51: 93359.905 | M51: 203571.34 | N51: 98458.43 | O51: 47994.574 | P51: 491242.76 | Q51: 150020.62 | R51: 190286.8 | S51: 126460.39 | T51: -67005.568 | U51: 3575633.7
C52: II TRIM | D52: 461738.73 | E52: 61044.001 | F52: 568296.69 | G52: 22032.629 | H52: 192266.3 | I52: 39618.689 | J52: 575710.89 | K52: 587564.06 | L52: 92173.767 | M52: 204595.14 | N52: 95805.987 | O52: 55044.04 | P52: 495823.23 | Q52: 148240.24 | R52: 213198.25 | S52: 154831.31 | T52: -70239.411 | U52: 3700280.2
C53: III TRIM | D53: 458832.91 | E53: 51164.651 | F53: 614864.46 | G53: 24094.655 | H53: 205750.85 | I53: 41464.95 | J53: 598165.06 | K53: 627901.21 | L53: 97207.412 | M53: 181398.77 | N53: 98616.781 | O53: 54569.268 | P53: 498983.31 | Q53: 147158.45 | R53: 218571.32 | S53: 149773.36 | T53: -35472.484 | U53: 4003359.9
C54: IV TRIM | D54: 469013.04 | E54: 53693.939 | F54: 622084.22 | G54: 21787.328 | H54: 224108.57 | I54: 43090.006 | J54: 556513.02 | K54: 675389.53 | L54: 98998.372 | M54: 210122.34 | N54: 101110.49 | O54: 95006.327 | P54: 515198.52 | Q54: 146748.63 | R54: 206255.37 | S54: 93327.894 | T54: -21693.889 | U54: 4414907.8
B55: 2015 | C55: I TRIM | D55: 473793.35 | E55: 75033.931 | F55: 632239.21 | G55: 20558.201 | H55: 210275.95 | I55: 44337.684 | J55: 517362.42 | K55: 573451.96 | L55: 98153.725 | M55: 215262.19 | N55: 94916.816 | O55: 70296.03 | P55: 505002.58 | Q55: 147337.64 | R55: 195109.84 | S55: 116210.96 | T55: -107128.77 | U55: 3845820.6
C56: II TRIM | D56: 471167.67 | E56: 62125.672 | F56: 653236.09 | G56: 23326.825 | H56: 211927.06 | I56: 45660.439 | J56: 557648.06 | K56: 585450.84 | L56: 103585.32 | M56: 217404.85 | N56: 96717.04 | O56: 71289.413 | P56: 513863.36 | Q56: 148297.41 | R56: 188776.45 | S56: 90112.299 | T56: -17622.192 | U56: 4031881.5
C57: III TRIM | D57: 464013.65 | E57: 60649.91 | F57: 664810.04 | G57: 24103.208 | H57: 203744.79 | I57: 46063.36 | J57: 576030.12 | K57: 585906.36 | L57: 94740.991 | M57: 216413.56 | N57: 97517.142 | O57: 77887.838 | P57: 455917.3 | Q57: 149238.8 | R57: 186062.61 | S57: 93713.367 | T57: -7351.3722 | U57: 3969992.2
C58: IV TRIM | D58: 508194.47 | E58: 61872.124 | F58: 657707.59 | G58: 25159.045 | H58: 202530.59 | I58: 46371.699 | J58: 474914.34 | K58: 607961.13 | L58: 88026.601 | M58: 214311.88 | N58: 104066.01 | O58: 76328.984 | P58: 469101.99 | Q58: 149880.5 | R58: 183965.7 | S58: 171020.68 | T58: -92295.56 | U58: 3957274.2
B59: 2016 | C59: I TRIM | D59: 486141.59 | E59: 58457.313 | F59: 661157.75 | G59: 22841.296 | H59: 214494.5 | I59: 48460.178 | J59: 626967.61 | K59: 589753.13 | L59: 101625.43 | M59: 220825.78 | N59: 96799.412 | O59: 72693.925 | P59: 440490.36 | Q59: 150702.84 | R59: 197892.97 | S59: 103634.98 | T59: -5367.757 | U59: 4057548.7
C60: II TRIM | D60: 485830.4 | E60: 63162.515 | F60: 645097.92 | G60: 21147.004 | H60: 219616.83 | I60: 49670.685 | J60: 624384.63 | K60: 565470.54 | L60: 84917.002 | M60: 223844.85 | N60: 94057.091 | O60: 72502.036 | P60: 416662.18 | Q60: 152947.37 | R60: 203160.4 | S60: 112443.76 | T60: -19461.667 | U60: 4010515.8
C61: III TRIM | D61: 482744.92 | E61: 75415.187 | F61: 641846.57 | G61: 25461.12 | H61: 221224.54 | I61: 50358.478 | J61: 477413.36 | K61: 548301.13 | L61: 97967.469 | M61: 232537.08 | N61: 90802.021 | O61: 75028.376 | P61: 396888.18 | Q61: 154271.46 | R61: 207987.62 | S61: 118010.82 | T61: -16614.463 | U61: 3853304.9
C62: IV TRIM | D62: 468326.47 | E62: 83041.369 | F62: 593496.44 | G62: 23723.94 | H62: 214843.05 | I62: 50759.351 | J62: 486624.51 | K62: 526204.99 | L62: 103217.5 | M62: 216646.43 | N62: 92590.683 | O62: 81213.924 | P62: 387146.11 | Q62: 154668.07 | R62: 222316.5 | S62: 144402.87 | T62: -17415.203 | U62: 3835246.1
B63: 2017 | C63: I TRIM | D63: 474976.4 | E63: 65509.971 | F63: 580987.18 | G63: 23150.739 | H63: 224234.59 | I63: 48182.959 | J63: 519813.4 | K63: 551371.62 | L63: 96616.829 | M63: 219174.29 | N63: 97084.004 | O63: 64396.271 | P63: 397963.26 | Q63: 155261.77 | R63: 226388.07 | S63: 116964.97 | T63: -2878.1972 | U63: 3871382.4
C64: II TRIM | D64: 488199.39 | E64: 71138.948 | F64: 579221.18 | G64: 23487.877 | H64: 221755.8 | I64: 46174.876 | J64: 585496.22 | K64: 575138.96 | L64: 95501.489 | M64: 231855.41 | N64: 93719.744 | O64: 65805.003 | P64: 416501.1 | Q64: 159260.04 | R64: 229289.2 | S64: 136222.08 | T64: -12749.409 | U64: 3979262.2
C65: III TRIM | D65: 486534.04 | E65: 75142.471 | F65: 596132.28 | G65: 20273.974 | H65: 224357.97 | I65: 51696.51 | J65: 594249.18 | K65: 561963.41 | L65: 96938.724 | M65: 248741.04 | N65: 91620.816 | O65: 70799.662 | P65: 407460.55 | Q65: 159620.77 | R65: 226953.12 | S65: 117071.11 | T65: -13907.089 | U65: 4015837.9
C66: IV TRIM | D66: 482190.51 | E66: 66608.58 | F66: 566814.84 | G66: 25534.351 | H66: 212608.76 | I66: 49932.746 | J66: 523113.42 | K66: 541107.02 | L66: 96204.713 | M66: 215896.97 | N66: 95083.262 | O66: 68222.293 | P66: 415943.48 | Q66: 156847.58 | R66: 228590.42 | S66: 106052.3 | T66: -6364.2684 | U66: 3863919.1
B67: 2018 | C67: I TRIM | D67: 486544.92 | E67: 64945.848 | F67: 541517.94 | G67: 22435.245 | H67: 226811.49 | I67: 50816.104 | J67: 379419.5 | K67: 557440.55 | L67: 96125.536 | M67: 221302.12 | N67: 95883.154 | O67: 75983.369 | P67: 418318.57 | Q67: 154506.98 | R67: 234651.01 | S67: 126578.36 | T67: -0.58635468 | U67: 3822150.3
C68: II TRIM | D68: 479467.64 | E68: 72525.599 | F68: 535391.27 | G68: 22824.75 | H68: 220098.97 | I68: 51350.515 | J68: 587100.23 | K68: 555159.03 | L68: 96263.611 | M68: 246045.71 | N68: 96952.691 | O68: 75816.388 | P68: 411522.26 | Q68: 161838.16 | R68: 216688.75 | S68: 123024.52 | T68: -4934.5195 | U68: 3891715.5
C69: III TRIM | D69: 476791.51 | E69: 66640.59 | F69: 523398.41 | G69: 17625.777 | H69: 220341.92 | I69: 50077.994 | J69: 588304.05 | K69: 549777.12 | L69: 97322.075 | M69: 248843.52 | N69: 97040.14 | O69: 80805.985 | P69: 419014.45 | Q69: 160890.86 | R69: 232056.21 | S69: 122562.23 | T69: -2494.2897 | U69: 3950060.7
C70: IV TRIM | D70: 481660.56 | E70: 64882.639 | F70: 509361.38 | G70: 26707.349 | H70: 225744.56 | I70: 49802.954 | J70: 619859.06 | K70: 553423.83 | L70: 96663.453 | M70: 195117.44 | N70: 86780.661 | O70: 113711.25 | P70: 422247.96 | Q70: 155723.34 | R70: 231463.64 | S70: 129873.37 | T70: -18309.153 | U70: 3981683.6
B71: 2019 | C71: I TRIM | D71: 500610.18 | E71: 65107.597 | F71: 500757.83 | G71: 23253.3 | H71: 205538.54 | I71: 51357.747 | J71: 615509.85 | K71: 570380.54 | L71: 93930.375 | M71: 212029.15 | N71: 97039.27 | O71: 71243.454 | P71: 419900.01 | Q71: 154389.5 | R71: 222230.65 | S71: 76405.949 | T71: -0.48298385 | U71: 3907897.3
C72: II TRIM | D72: 487711.29 | E72: 57739.447 | F72: 500372.98 | G72: 22444.957 | H72: 228222.9 | I72: 51610.205 | J72: 560949.29 | K72: 582788.24 | L72: 93326.015 | M72: 255211.62 | N72: 93461.573 | O72: 63466.002 | P72: 425390.83 | Q72: 169121.32 | R72: 241051.75 | S72: 74104.107 | T72: -7418.9852 | U72: 3811824.8
C73: III TRIM | D73: 482979.82 | E73: 53385.262 | F73: 482147.94 | G73: 25295.411 | H73: 212025.63 | I73: 52847.194 | J73: 595573.42 | K73: 568518.85 | L73: 100761.8 | M73: 267603.48 | N73: 93190.363 | O73: 57356.58 | P73: 436379.72 | Q73: 167032.77 | R73: 247933.62 | S73: 77453.228 | T73: -7547.0766 | U73: 3870067.4
C74: IV TRIM | D74: 459629.34 | E74: 53096.25 | F74: 474576.49 | G74: 22697.543 | H74: 221444.89 | I74: 55334.678 | J74: 548048.78 | K74: 533119.08 | L74: 101512.81 | M74: 239230.56 | N74: 86444.562 | O74: 128879.42 | P74: 431490.33 | Q74: 158007.84 | R74: 254922.38 | S74: 134943.05 | T74: -993.17787 | U74: 3893873.6
B75: 2020 | C75: I TRIM | D75: 554267.49 | E75: 59617.238 | F75: 494620.8 | G75: 21909.501 | H75: 224711.45 | I75: 54384.242 | J75: 502417.72 | K75: 597703.5 | L75: 88841.403 | M75: 193262.58 | N75: 87084.633 | O75: 122407.64 | P75: 412139.81 | Q75: 156559.6 | R75: 277330.82 | S75: 136492.48 | T75: -73611.135 | U75: 3970287.6
C76: II TRIM | D76: 479389.91 | E76: 47462.18 | F76: 455100.77 | G76: 18684.398 | H76: 220532.96 | I76: 54448.891 | J76: 436963.29 | K76: 515191.25 | L76: 94731.388 | M76: 94888.814 | N76: 82509.899 | O76: 79414.277 | P76: 400823.67 | Q76: 144974.86 | R76: 199216.52 | S76: 129698.1 | T76: -28803.973 | U76: 3390939.3
C77: III TRIM | D77: 517690.5 | E77: 49050.303 | F77: 454560.76 | G77: 19111.786 | H77: 224916.89 | I77: 54516.535 | J77: 422771.39 | K77: 589933.7 | L77: 104812.04 | M77: 105392.26 | N77: 80164.8 | O77: 54241.93 | P77: 407650.67 | Q77: 156231.02 | R77: 261836.62 | S77: 145696.93 | T77: -51937.889 | U77: 3647553.9
C78: IV TRIM | D78: 522826.9 | E78: 58327.359 | F78: 421810.69 | G78: 23671.18 | H78: 239903.34 | I78: 53998.3 | J78: 388564.57 | K78: 618643.52 | L78: 101474.06 | M78: 200534.65 | N78: 84577.846 | O78: 49102.426 | P78: 406670.09 | Q78: 160154.81 | R78: 253812.8 | S78: 150291.32 | T78: -60981.715 | U78: 3665795
B79: 2021 | C79: I TRIM | D79: 525205.45 | E79: 79736.864 | F79: 399743.52 | G79: 27880.218 | H79: 228586.8 | I79: 54699.555 | J79: 373711.04 | K79: 601987.23 | L79: 83510.788 | M79: 162726.92 | N79: 84964.698 | O79: 59127.419 | P79: 420709.75 | Q79: 159362.48 | R79: 272283.7 | S79: 129374.97 | T79: -74003.38 | U79: 3682052.9
C80: II TRIM | D80: 506771.12 | E80: 75786.982 | F80: 399221.81 | G80: 16858.98 | H80: 233940.8 | I80: 55610.865 | J80: 306663.46 | K80: 569160.23 | L80: 79167.853 | M80: 155763.63 | N80: 86509.245 | O80: 65574.53 | P80: 420881.24 | Q80: 152848.83 | R80: 265063.76 | S80: 130435.42 | T80: -85989.384 | U80: 3413441.2
C81: III TRIM | D81: 585283.91 | E81: 78925.597 | F81: 405682.85 | G81: 18619.704 | H81: 253329.51 | I81: 55747.997 | J81: 387473.06 | K81: 734451.38 | L81: 67486.888 | M81: 186563.99 | N81: 85112.142 | O81: 67059.016 | P81: 413785.44 | Q81: 161304.88 | R81: 260268.08 | S81: 127410.17 | T81: -92740.255 | U81: 3791291.1
C82: IV TRIM | D82: 610230.35 | E82: 77656.706 | F82: 412345.75 | G82: 28714.17 | H82: 249802.86 | I82: 55202.25 | J82: 463987.48 | K82: 737559.8 | L82: 72477.56 | M82: 266061.74 | N82: 81239.038 | O82: 64700.772 | P82: 413302.73 | Q82: 163017.96 | R82: 272412.27 | S82: 129864.18 | T82: -101524.55 | U82: 3962168.1
B83: 2022 | C83: I TRIM | D83: 540887.98 | E83: 82434.206 | F83: 427795.4 | G83: 20475.654 | H83: 254302.14 | I83: 55949.039 | J83: 424408.36 | K83: 667084.72 | L83: 82791.66 | M83: 207503.82 | N83: 82545.716 | O83: 65717.207 | P83: 440098.73 | Q83: 162816.54 | R83: 262265.39 | S83: 108973.07 | T83: -107270.05 | U83: 3857326.3
C84: II TRIM | D84: 597372.95 | E84: 81036.92 | F84: 428669.75 | G84: 25058.784 | H84: 244628.21 | I84: 57058.219 | J84: 333061.72 | K84: 685664.95 | L84: 82357.011 | M84: 212455.1 | N84: 81162.954 | O84: 65406.821 | P84: 433300.11 | Q84: 160054.58 | R84: 266584.72 | S84: 102819.21 | T84: -126497.98 | U84: 3783141.2
C85: III TRIM | D85: 524652.23 | E85: 75628.158 | F85: 437713.12 | G85: 21265.677 | H85: 249808.09 | I85: 58897.303 | J85: 356426.28 | K85: 666077.61 | L85: 74721.578 | M85: 244253.32 | N85: 82572.314 | O85: 55228.425 | P85: 450872.73 | Q85: 166073.57 | R85: 287612.14 | S85: 119864.45 | T85: -126443.27 | U85: 3757829.7
C86: IV TRIM | D86: 542964.61 | E86: 85164.411 | F86: 403859.89 | G86: 30272.525 | H86: 246579.79 | I86: 60506.099 | J86: 518508.83 | K86: 680003.92 | L86: 75528.626 | M86: 364151.6 | N86: 75208.917 | O86: 51873.071 | P86: 460009.34 | Q86: 166818.62 | R86: 306944.89 | S86: 167122.97 | T86: -116853.33 | U86: 3995492.3
B87: 2023 | C87: I TRIM | D87: 547966.79 | E87: 86288.609 | F87: 401112.96 | G87: 25839.586 | H87: 259864.27 | I87: 60486.771 | J87: 408354.46 | K87: 682241.7 | L87: 77590.388 | M87: 251031.4 | N87: 90606.897 | O87: 56597.083 | P87: 457784.96 | Q87: 167136.98 | R87: 301974.83 | S87: 100157.98 | T87: -109421.44 | U87: 3872935.6
C88: II TRIM | D88: 587474.53 | E88: 83514.533 | F88: 419951.36 | G88: 20835.318 | H88: 263788.68 | I88: 59879.419 | J88: 461382.85 | K88: 688426.3 | L88: 66809.59 | M88: 241553.11 | N88: 78137.87 | O88: 57698.177 | P88: 463181.19 | Q88: 166547.99 | R88: 302878.73 | S88: 95988.821 | T88: -46785.674 | U88: 3963820.9
C89: III TRIM | D89: 571009.09 | E89: 82112.023 | F89: 425524.75 | G89: 30906.278 | H89: 261534.45 | I89: 61947.067 | J89: 439061.84 | K89: 691455.09 | L89: 79083.481 | M89: 259237.64 | N89: 79491.387 | O89: 53778.617 | P89: 466326.95 | Q89: 169881.42 | R89: 291348 | S89: 124160.51 | T89: -127801.31 | U89: 3906395.9
C90: IV TRIM | D90: 611606.01 | E90: 81178.341 | F90: 410417.65 | G90: 31373.81 | H90: 263996.12 | I90: 62329.924 | J90: 394999.52 | K90: 707149.21 | L90: 78564.432 | M90: 286658.76 | N90: 79214.712 | O90: 60194.531 | P90: 469451.36 | Q90: 170916.31 | R90: 278497.99 | S90: 125535.16 | T90: -187825.82 | U90: 3870935.1
B91: 2024 | C91: I TRIM | D91: 609011.08 | E91: 80591.472 | F91: 425002.24 | G91: 26404.69 | H91: 266162.92 | I91: 63362.924 | J91: 420172.73 | K91: 710489.78 | L91: 81904.879 | M91: 319321.34 | N91: 81413.704 | O91: 57739.395 | P91: 473726.91 | Q91: 171125.25 | R91: 302448.94 | S91: 104914.07 | T91: -129599.95 | U91: 4028281
C92: II TRIM | D92: 619799.55 | E92: 85873.049 | F92: 432717.25 | G92: 33802.197 | H92: 277650.53 | I92: 64019.91 | J92: 461465.43 | K92: 714732.9 | L92: 79324.006 | M92: 279581 | N92: 86165.879 | O92: 58109.949 | P92: 491872.1 | Q92: 171678 | R92: 332135.12 | S92: 92923.79 | T92: -86685.501 | U92: 4171581.4
C93: III TRIM | D93: 610019.18 | E93: 92114.51 | F93: 443175.56 | G93: 44288.778 | H93: 275909.65 | I93: 63081.903 | J93: 437926.86 | K93: 700005.87 | L93: 82646.736 | M93: 295803.77 | N93: 91953.933 | O93: 57121.556 | P93: 483793.72 | Q93: 173007.92 | R93: 310317.22 | S93: 116138.23 | T93: -100196.99 | U93: 4119093.5
C94: IV TRIM | D94: 612793.42 | E94: 85435.73 | F94: 411488.54 | G94: 52500.987 | H94: 273874.14 | I94: 63978.387 | J94: 415476.29 | K94: 691075.7 | L94: 82561.748 | M94: 315106.91 | N94: 106479.75 | O94: 60363.428 | P94: 490532.07 | Q94: 174900.27 | R94: 315394.34 | S94: 110856.11 | T94: -115847.22 | U94: 4060174.3
B95: 2025 | C95: I TRIM | D95: 635400.5 | E95: 83722.946 | F95: 407786.77 | G95: 39841.265 | H95: 281864.59 | I95: 63221.73 | J95: 441537.99 | K95: 718224.51 | L95: 81748.877 | M95: 328629.71 | N95: 120721.95 | O95: 62040.066 | P95: 516194.44 | Q95: 175750.46 | R95: 314064.64 | S95: 102464.09 | T95: -88992.409 | U95: 4163074.8
C96: II TRIM | D96: 637168.54 | E96: 85527.697 | F96: 396186.78 | G96: 36273.25 | H96: 292798.82 | I96: 65229.191 | J96: 451750.56 | K96: 719553.79 | L96: 88693.96 | M96: 304244.13 | N96: 136691.18 | O96: 62268.769 | P96: 471950.16 | Q96: 176798.78 | R96: 327933.99 | S96: 69401.015 | T96: -51024.057 | U96: 4208042.6
C97: III TRIM | D97: 636749.49 | E97: 85355.023 | F97: 412402.08 | G97: 45228.667 | H97: 305815.76 | I97: 63463.802 | J97: 444369.67 | K97: 716842.72 | L97: 84624.978 | M97: 319541.24 | N97: 142955.93 | O97: 63162.172 | P97: 507879.74 | Q97: 178621.21 | R97: 321372.21 | S97: 92444.638 | T97: -74583.172 | U97: 4212566.5
C98: IV TRIM | D98: 637221.12 | E98: 90630.248 | F98: 406459.7 | G98: 48817.204 | H98: 326253.5 | I98: 65003.688 | J98: 436286.84 | K98: 721632.24 | L98: 94235.902 | M98: 332739.82 | N98: 148456.26 | O98: 63509.705 | P98: 514301.46 | Q98: 180741.73 | R98: 321287.34 | S98: 119731.57 | T98: -61812.312 | U98: 4299647.3
B99: 2026 | C99: I TRIM | D99: 645082.8 | E99: 92104.018 | F99: 406941.7 | G99: 41583.74 | H99: 304357.62 | I99: 68475.543 | J99: 446296.75 | K99: 728958.57 | L99: 89397.971 | M99: 398231.31 | N99: 155786.57 | O99: 67263.438 | P99: 525389.55 | Q99: 182167.49 | R99: 320212.33 | S99: 88419.072 | T99: -51414.778 | U99: 4358738.4
C100: II TRIM
...

Sheet Q3
C1: Quadro 3 -Variação % Trimestre por Trimestre ( Ajustado Sazonalmente)
B2: Período | D2: Agro-Pecuária e Silvicultura | E2: Pesca e Aquicultura | F2: Extracção e Refino de Petróleo | G2: Extracção de Diamantes, Minerais Metálicos e de Outros Minerais não Metálicos | H2: Produtos da Indústria Transformadora | I2: Produção de Electricidade, Água e Saneamento | J2: Construção | K2: Comércio e Raparação de Veiculos | L2: Serviço de Alojamento e Restauração | M2: Transportes e Armazenagem | N2: Actividades de informação e de comunicação | O2: Intermediação Financeira e de Seguros | P2: Administração Pública, Defesa e Segurança Social Obrigatória | Q2: Serviços Imobiliários e Aluguer | R2: Outros Serviços | S2: Imposto sobre os produtos | T2: Subsídios (-) | U2: PRODUCTO INTERNO BRUTO
B3: 2002 | C3: I TRIM | D3: 0 | E3: 0 | F3: 0 | G3: 0 | H3: 0 | I3: 0 | J3: 0 | K3: 0 | L3: 0 | M3: 0 | N3: 0 | O3: 0 | P3: 0 | Q3: 0 | R3: 0 | S3: 0 | T3: 0 | U3: 0
C4: II TRIM | D4: 0.32053255 | E4: 2.4100053 | F4: -4.878523 | G4: -8.6733329 | H4: -1.0154808 | I4: 6.6309155 | J4: 1.2552068 | K4: 10.505963 | L4: -10.400183 | M4: -0.14129345 | N4: 0.84304964 | O4: 8.9610298 | P4: 5.9847477 | Q4: 5.18778 | R4: 5.5398193 | S4: 9.5619171 | T4: 13.025186 | U4: 2.0860017
C5: III TRIM | D5: 1.2106171 | E5: 1.4031789 | F5: 3.292404 | G5: 24.066886 | H5: 0.29196608 | I5: 9.4470048 | J5: 2.2523589 | K5: 11.907979 | L5: -5.0715026 | M5: -0.70103773 | N5: 0.54703431 | O5: 31.48266 | P5: 3.1739668 | Q5: 4.0137411 | R5: 9.983079 | S5: 10.925534 | T5: 14.226458 | U5: 4.5827706
C6: IV TRIM | D6: 1.4126722 | E6: -5.2949451 | F6: -0.51772333 | G6: -4.3019383 | H6: 1.6698149 | I6: -5.1458094 | J6: 3.162339 | K6: 14.366767 | L6: -3.3418602 | M6: -0.88387887 | N6: 0.71235031 | O6: 17.145123 | P6: 9.2171497 | Q6: 15.146975 | R6: 14.641715 | S6: 29.231079 | T6: 28.248704 | U6: 6.1687182
B7: 2003 | C7: I TRIM | D7: 3.4409731 | E7: 7.2618463 | F7: -1.78561 | G7: -8.6733434 | H7: 2.6534021 | I7: 12.492955 | J7: 3.7272596 | K7: -23.105352 | L7: 25.681727 | M7: 1.6282898 | N7: 2.0390451 | O7: -42.127505 | P7: -8.2206433 | Q7: -24.566744 | R7: -22.742251 | S7: -22.861523 | T7: -28.605138 | U7: -11.116042
C8: II TRIM | D8: 2.2072124 | E8: 3.3013332 | F8: -5.0022558 | G8: 20.064746 | H8: 0.5818838 | I8: 0.35142641 | J8: 4.8799314 | K8: 14.66309 | L8: -5.2909337 | M8: 0.28080934 | N8: 1.7730942 | O8: 20.729714 | P8: 6.6739926 | Q8: 12.746681 | R8: 8.4609791 | S8: 7.4196462 | T8: -1.671191 | U8: 5.7293373
C9: III TRIM | D9: 2.1629297 | E9: 1.9015734 | F9: 3.4072298 | G9: 26.323942 | H9: 1.8968598 | I9: -7.7492147 | J9: 5.4989406 | K9: 7.2294247 | L9: 0.28762019 | M9: -0.15631669 | N9: 0.74226133 | O9: 35.165719 | P9: 1.844683 | Q9: 14.317519 | R9: 8.5124721 | S9: 6.6445487 | T9: -2.2788874 | U9: 5.5183828
C10: IV TRIM | D10: 2.377678 | E10: -1.4698581 | F10: 0.16801916 | G10: -15.603961 | H10: 3.5853436 | I10: 4.7602916 | J10: 6.0427438 | K10: 5.0713647 | L10: 3.670477 | M10: 0.6869663 | N10: -0.18475074 | O10: 12.651625 | P10: 4.5884576 | Q10: 6.1978073 | R10: 8.4055932 | S10: 19.594058 | T10: 11.360671 | U10: 4.533836
B11: 2004 | C11: I TRIM | D11: 3.2281989 | E11: 4.6014317 | F11: 14.502244 | G11: -3.2851434 | H11: 9.5031629 | I11: 4.1280021 | J11: 6.3069972 | K11: -7.7853406 | L11: 12.456083 | M11: 3.3920139 | N11: -0.63071075 | O11: -33.004532 | P11: 2.9465285 | Q11: -7.2793186 | R11: -4.4807208 | S11: -24.001206 | T11: 300.91669 | U11: -13.975843
C12: II TRIM | D12: 1.7051081 | E12: 1.9468016 | F12: -3.9375418 | G12: 4.9492063 | H12: 4.9376151 | I12: 10.195852 | J12: 5.4964054 | K12: 3.5910355 | L12: 5.0869073 | M12: 2.1317741 | N12: 2.1611975 | O12: -6.8608989 | P12: -2.6180998 | Q12: -0.52855754 | R12: 4.4653794 | S12: 13.993747 | T12: -98.587225 | U12: 23.778439
C13: III TRIM | D13: 1.5703311 | E13: 0.90861476 | F13: 3.7422815 | G13: 9.8457065 | H13: 3.1812852 | I13: 8.3036332 | J13: 4.5584759 | K13: 1.683825 | L13: 2.0650579 | M13: 1.621661 | N13: 3.4121746 | O13: 39.074921 | P13: 9.9184833 | Q13: -6.1460463 | R13: 1.9475077 | S13: -13.822141 | T13: 2.7462469 | U13: 2.0633715
C14: IV TRIM | D14: 1.8947416 | E14: -3.6200376 | F14: 0.029071011 | G14: -1.4193033 | H14: 0.37873868 | I14: -7.0976562 | J14: 3.5440272 | K14: 3.9988749 | L14: -3.1028332 | M14: 2.0489064 | N14: 0.4897988 | O14: 18.742782 | P14: -5.0588463 | Q14: -0.24724719 | R14: 3.0281795 | S14: 49.825457 | T14: 8.7639464 | U14: 4.7470164
B15: 2005 | C15: I TRIM | D15: -0.93019816 | E15: 2.0909501 | F15: 27.040518 | G15: -23.258847 | H15: 2.0160884 | I15: 3.4968546 | J15: 2.5268793 | K15: 4.1220389 | L15: 0.60158427 | M15: 3.3252446 | N15: -8.4785908 | O15: -34.921235 | P15: 15.2735 | Q15: 9.516983 | R15: -0.31198511 | S15: -19.814857 | T15: 77.327039 | U15: 4.714335
C16: II TRIM | D16: 0.89995652 | E16: 2.9586868 | F16: -4.1360717 | G16: 9.6562176 | H16: 1.9746495 | I16: -0.57132052 | J16: 2.5541369 | K16: 1.3406482 | L16: -5.9417961 | M16: 2.7665546 | N16: -12.055517 | O16: 22.278693 | P16: -3.0244675 | Q16: 0.57071393 | R16: 0.4287413 | S16: 1.5969187 | T16: 6.2778533 | U16: 2.4805821
C17: III TRIM | D17: 2.4534016 | E17: 4.1079065 | F17: 2.6606713 | G17: 1.5414231 | H17: 1.8159555 | I17: 2.4319927 | J17: 2.3965586 | K17: 0.31048241 | L17: -4.9275547 | M17: 1.9527653 | N17: -10.279308 | O17: 28.492418 | P17: -3.9501274 | Q17: -2.3996726 | R17: 2.2846425 | S17: -4.6150902 | T17: -2.0568458 | U17: 0.78733285
C18: IV TRIM | D18: 4.2546773 | E18: 1.0970539 | F18: -1.6380085 | G18: -15.55256 | H18: 1.0577238 | I18: 9.3211861 | J18: 2.2310944 | K18: 0.81560867 | L18: 0.76762545 | M18: 1.4260553 | N18: -2.543952 | O18: 24.360171 | P18: 7.0320696 | Q18: -0.099048816 | R18: 5.1503009 | S18: 36.475256 | T18: 3441.9989 | U18: -11.116274
B19: 2006 | C19: I TRIM | D19: 3.9632101 | E19: 10.364063 | F19: 16.113878 | G19: 36.124403 | H19: 3.0738347 | I19: 6.5374936 | J19: 2.0248721 | K19: 3.4880695 | L19: 21.923694 | M19: 1.9489947 | N19: 11.329865 | O19: -44.009402 | P19: 3.830128 | Q19: 5.0341997 | R19: 7.9777936 | S19: -30.824931 | T19: -76.743194 | U19: 16.306504
C20: II TRIM | D20: 3.1229682 | E20: 4.7942371 | F20: -4.8553539 | G20: -2.8987179 | H20: 2.1296202 | I20: -0.57583784 | J20: 3.0178343 | K20: -1.6976767 | L20: 5.3494723 | M20: 2.0053882 | N20: 9.2789911 | O20: 9.3022293 | P20: 14.596714 | Q20: 0.73107854 | R20: 2.7330213 | S20: 8.3317561 | T20: 5.216556 | U20: 3.010271
C21: III TRIM | D21: 2.2453776 | E21: 3.8734035 | F21: 4.2378375 | G21: 14.980697 | H21: 1.5602118 | I21: 4.4961455 | J21: 3.7022663 | K21: 0.50475571 | L21: 5.8085965 | M21: 0.84544432 | N21: 5.8645938 | O21: 50.37939 | P21: -18.470529 | Q21: -1.3832999 | R21: -0.81220364 | S21: 15.462031 | T21: 7.6386728 | U21: 1.5972162
C22: IV TRIM | D22: 2.0381642 | E22: 5.1756278 | F22: -0.44381296 | G22: -3.1364944 | H22: 0.97599848 | I22: 13.227389 | J22: 4.3728799 | K22: 2.4873895 | L22: 2.6585186 | M22: 0.61598762 | N22: 1.6723877 | O22: 47.172189 | P22: 20.106443 | Q22: 9.6555891 | R22: -3.6930951 | S22: 33.888221 | T22: 77.485079 | U22: 3.5696819
B23: 2007 | C23: I TRIM | D23: 0.22397435 | E23: -0.60399568 | F23: 23.440288 | G23: 3.7626518 | H23: 0.38775764 | I23: -43.873184 | J23: 4.8534852 | K23: 6.0270715 | L23: 0.73878803 | M23: 2.0303576 | N23: -1.8030757 | O23: -47.541291 | P23: 5.5756271 | Q23: -1.8979361 | R23: -4.6038054 | S23: -14.13022 | T23: -29.044603 | U23: 5.0653863
C24: II TRIM | D24: 0.51601594 | E24: -0.41394544 | F24: -4.6798237 | G24: -15.11065 | H24: 0.58262271 | I24: 96.817788 | J24: 4.212302 | K24: 2.1694684 | L24: 3.5978935 | M24: 2.560183 | N24: 0.90051206 | O24: 9.5310018 | P24: 0.86451393 | Q24: 0.2849357 | R24: -5.6681355 | S24: -2.7945601 | T24: -48.132935 | U24: 2.7481968
C25: III TRIM | D25: 1.0617613 | E25: 0.83303817 | F25: 3.3607588 | G25: 33.63152 | H25: 0.81416466 | I25: 1.6735298 | J25: 3.5211135 | K25: 3.5012841 | L25: 1.1376993 | M25: 2.8498582 | N25: 4.1795263 | O25: 27.387218 | P25: -0.63925519 | Q25: -0.27130974 | R25: -2.8264766 | S25: 4.0562548 | T25: -89.486778 | U25: 2.9277902
C26: IV TRIM | D26: 2.0609912 | E26: 0.38123715 | F26: -0.046577382 | G26: 27.090958 | H26: 1.632766 | I26: -1.7322031 | J26: 2.8067403 | K26: 4.2700128 | L26: -0.22096819 | M26: 4.9122976 | N26: 7.9468097 | O26: 16.866116 | P26: -7.0766632 | Q26: 0.99733588 | R26: 1.8618201 | S26: -3.2421279 | T26: 4227.3972 | U26: -1.3264953
B27: 2008 | C27: I TRIM | D27: 1.8542164 | E27: -0.27524738 | F27: 12.260652 | G27: -20.835478 | H27: 1.0398726 | I27: 0.73775131 | J27: 2.0009201 | K27: 6.0971405 | L27: 4.1365764 | M27: 6.3939626 | N27: 12.147913 | O27: -43.260063 | P27: -5.1690882 | Q27: 6.1647021 | R27: 4.7338395 | S27: -7.1693358 | T27: -67.516838 | U27: 5.0414728
C28: II TRIM | D28: 1.174066 | E28: 0.91558675 | F28: -4.3674617 | G28: 5.4349134 | H28: 0.26915959 | I28: -18.956536 | J28: 1.6176683 | K28: 3.2673449 | L28: 3.2549855 | M28: 4.9330917 | N28: 10.212578 | O28: 8.4453452 | P28: 9.8967326 | Q28: 1.763927 | R28: 1.4865877 | S28: 31.323576 | T28: 108.04253 | U28: -0.49086049
C29: III TRIM | D29: 1.0985593 | E29: 2.0547297 | F29: 2.5749656 | G29: 0.9129477 | H29: 0.44835267 | I29: 25.603548 | J29: 1.2327464 | K29: 3.0814423 | L29: 1.7635475 | M29: 3.5413159 | N29: 7.9181997 | O29: 42.599346 | P29: 12.87448 | Q29: 2.1234167 | R29: 1.4951517 | S29: 7.0218903 | T29: -19.739425 | U29: 3.3618776
C30: IV TRIM | D30: 1.5234928 | E30: 0.61001613 | F30: -0.86676176 | G30: -35.543909 | H30: 2.5056716 | I30: -0.46195961 | J30: 0.95290054 | K30: 2.100542 | L30: 1.6831806 | M30: 1.0579261 | N30: 5.7578114 | O30: 60.282806 | P30: 6.1240501 | Q30: 3.2971811 | R30: 1.261061 | S30: -2.5003671 | T30: -81.743684 | U30: 11.501129
B31: 2009 | C31: I TRIM | D31: 0.78557366 | E31: 3.3383217 | F31: -4.690549 | G31: 12.653582 | H31: 3.9061982 | I31: -13.082792 | J31: 0.57477942 | K31: 1.2398643 | L31: 3.3829296 | M31: -1.1927402 | N31: 4.8381067 | O31: -41.428443 | P31: 0.27812433 | Q31: -6.1911938 | R31: 0.87414857 | S31: 2.8751486 | T31: 23.895153 | U31: -11.409708
C32: II TRIM | D32: 0.99635506 | E32: 2.0588389 | F32: -3.4259231 | G32: 50.190559 | H32: 2.10085 | I32: 20.392159 | J32: 1.7458042 | K32: 1.5078088 | L32: 5.6021229 | M32: 0.56263388 | N32: 4.5116814 | O32: -3.6720694 | P32: 4.4278774 | Q32: 10.757129 | R32: 0.39668368 | S32: -20.031407 | T32: 92.266189 | U32: 4.0847275
C33: III TRIM | D33: 2.0912562 | E33: 1.4689642 | F33: 3.2581273 | G33: -8.6566986 | H33: 2.2592904 | I33: -0.56527023 | J33: 2.5500902 | K33: 1.8553348 | L33: 3.0408666 | M33: 0.94783812 | N33: 2.4645947 | O33: 40.753042 | P33: -6.3354365 | Q33: 3.4422564 | R33: 1.4974472 | S33: 17.014002 | T33: -4.8551999 | U33: 1.562592
C34: IV TRIM | D34: 3.544543 | E34: -1.726564 | F34: -0.40330604 | G34: -7.9768192 | H34: 1.6037419 | I34: 1.9996301 | J34: 3.4648873 | K34: 1.7019043 | L34: 2.6452594 | M34: 2.9016771 | N34: -1.0581189 | O34: -18.227923 | P34: 14.765302 | Q34: 1.5063905 | R34: 2.873329 | S34: -6.5411706 | T34: 371.89851 | U34: 3.1509737
B35: 2010 | C35: I TRIM | D35: 3.6731749 | E35: -0.95790185 | F35: 2.0679392 | G35: -0.34132762 | H35: 2.0522911 | I35: 1.5944588 | J35: 4.0285608 | K35: 1.513515 | L35: -1.5035808 | M35: 2.2519444 | N35: -4.6496242 | O35: -23.173955 | P35: -4.3922725 | Q35: -1.217227 | R35: 2.4748013 | S35: -17.24542 | T35: -97.657968 | U35: -0.86643132
C36: II TRIM | D36: 2.5756728 | E36: 1.4015806 | F36: -2.9944528 | G36: -9.0504705 | H36: 2.8837664 | I36: -5.3621751 | J36: 3.1142202 | K36: 2.4566061 | L36: 7.0352693 | M36: 2.3587963 | N36: 0.39985429 | O36: 15.38269 | P36: 8.5534235 | Q36: 1.734517 | R36: 3.3451261 | S36: 19.87341 | T36: 237.11221 | U36: 6.0034021
C37: III TRIM | D37: 2.1862019 | E37: 2.9996778 | F37: -0.95070911 | G37: 6.0899644 | H37: 2.5947123 | I37: 9.0647534 | J37: 2.1202289 | K37: 3.088106 | L37: 3.3635275 | M37: 2.7307594 | N37: 8.5684738 | O37: 18.322298 | P37: -6.9923856 | Q37: 1.0711029 | R37: 3.4745847 | S37: 28.134143 | T37: -40.732528 | U37: -0.29021808
C38: IV TRIM | D38: 2.305943 | E38: -1.1929973 | F38: -8.2722817 | G38: -5.0574975 | H38: 1.7879134 | I38: 8.1556726 | J38: 1.2003136 | K38: 2.9041492 | L38: 3.0995027 | M38: 4.5590876 | N38: 18.751771 | O38: 31.921771 | P38: -9.1949748 | Q38: 0.34039195 | R38: 3.3866839 | S38: 2.8065767 | T38: 3603.9274 | U38: -9.128041
B39: 2011 | C39: I TRIM | D39: 1.2098562 | E39: 7.1272825 | F39: 2.6984167 | G39: 0.028576046 | H39: 2.7204394 | I39: -3.4118559 | J39: 0.19613634 | K39: 1.5395366 | L39: -5.0404507 | M39: -0.2500128 | N39: 26.26733 | O39: -34.591254 | P39: 8.9745656 | Q39: 0.36657184 | R39: 0.76220581 | S39: -25.500736 | T39: -98.31662 | U39: 6.4870072
C40: II TRIM | D40: 0.85402834 | E40: 4.3663262 | F40: -9.4992592 | G40: 20.900774 | H40: 2.4440482 | I40: 0.44548806 | J40: 2.4451271 | K40: 2.1391453 | L40: 7.3912067 | M40: 1.1882391 | N40: 18.652926 | O40: -14.438412 | P40: -2.6733482 | Q40: 0.74556091 | R40: 2.4701143 | S40: 13.199452 | T40: -4.1431914 | U40: 0.88769692
C41: III TRIM | D41: 1.3452778 | E41: 3.8806462 | F41: 12.483314 | G41: -23.863006 | H41: 2.1031652 | I41: -1.5947041 | J41: 3.9666999 | K41: 1.7802815 | L41: 1.3966647 | M41: 5.5136989 | N41: 10.782194 | O41: 58.130044 | P41: 2.0375032 | Q41: 3.5483343 | R41: 1.9858433 | S41: -2.6712828 | T41: 95.197016 | U41: 5.811105
C42: IV TRIM | D42: 2.0466575 | E42: 3.935777 | F42: 5.5267059 | G42: 24.508159 | H42: 1.9611611 | I42: -4.4420923 | J42: 5.6195093 | K42: 0.96130468 | L42: -2.2248675 | M42: 8.9649496 | N42: 2.7889012 | O42: 3.9270682 | P42: 2.5810618 | Q42: 5.9237814 | R42: 1.7511002 | S42: -0.5924759 | T42: 3648.8396 | U42: -1.4282732
B43: 2012 | C43: I TRIM | D43: 1.3766842 | E43: 1.4306841 | F43: 2.4985302 | G43: -9.2748222 | H43: 0.5142865 | I43: 12.872079 | J43: 6.7341756 | K43: 3.7132242 | L43: -5.8142783 | M43: -0.15977067 | N43: -4.7241079 | O43: -37.234106 | P43: -5.0234838 | Q43: 7.716271 | R43: 2.3292966 | S43: -12.95235 | T43: -97.384948 | U43: 2.7689461
C44: II TRIM | D44: 1.0457022 | E44: 1.0017648 | F44: -4.0938244 | G44: -2.3060773 | H44: 2.8289321 | I44: 4.7321632 | J44: 6.2607962 | K44: 1.2973796 | L44: -2.9718543 | M44: -0.74437501 | N44: -1.9179159 | O44: 15.322829 | P44: -0.93730401 | Q44: 4.0822833 | R44: 1.7025674 | S44: 18.205339 | T44: -6.268659 | U44: 5.7535113
C45: III TRIM | D45: 1.6768123 | E45: 1.1298982 | F45: 0.41236927 | G45: 3.7369583 | H45: 2.5906469 | I45: -0.2770506 | J45: 5.2859036 | K45: 0.33398174 | L45: -1.3189339 | M45: 2.8071933 | N45: 0.50344871 | O45: 50.303387 | P45: 13.278553 | Q45: 3.0888406 | R45: 0.50479717 | S45: -9.6809919 | T45: -6.4670998 | U45: -1.1811701
C46: IV TRIM | D46: 2.1111835 | E46: 3.2351128 | F46: 5.577463 | G46: 2.1087051 | H46: 2.9648344 | I46: -6.3840827 | J46: 4.5661521 | K46: -0.43562198 | L46: 5.4174646 | M46: 1.0849398 | N46: 3.4536323 | O46: -21.313738 | P46: 0.19701113 | Q46: 2.076574 | R46: -0.18689358 | S46: 12.142891 | T46: 4533.8554 | U46: -0.68719041
B47: 2013 | C47: I TRIM | D47: 1.602167 | E47: -0.68987444 | F47: -3.7919275 | G47: -4.3034604 | H47: 0.86217349 | I47: 22.865314 | J47: 3.9091792 | K47: 3.2239283 | L47: 4.6026475 | M47: 15.219134 | N47: 6.7892165 | O47: -35.952477 | P47: 1.3251735 | Q47: 0.26516433 | R47: -0.17030403 | S47: -0.1531877 | T47: -98.161576 | U47: 8.6785455
C48: II TRIM | D48: 0.044592853 | E48: -0.29909897 | F48: 1.0106341 | G48: 2.7975782 | H48: 2.5154038 | I48: 14.549628 | J48: 3.3191667 | K48: 1.746489 | L48: 6.9408994 | M48: -3.1128983 | N48: 6.7737229 | O48: 28.851047 | P48: -1.8603227 | Q48: -0.72217324 | R48: 1.8787985 | S48: 2.6640752 | T48: 226.88501 | U48: 1.0750141
C49: III TRIM | D49: -0.25801787 | E49: -0.56907644 | F49: 0.57106552 | G49: 6.7906186 | H49: 1.1490207 | I49: -12.394822 | J49: 2.0840443 | K49: 1.1219406 | L49: 6.2189024 | M49: -10.693801 | N49: 4.5940664 | O49: 39.755324 | P49: 0.075266916 | Q49: -0.96809619 | R49: 3.4168294 | S49: 2.5658985 | T49: 1352.184 | U49: -16.223764
C50: IV TRIM | D50: -0.79229231 | E50: 1.6129321 | F50: -4.7940863 | G50: 0.58501514 | H50: 0.6514391 | I50: 8.6258594 | J50: 1.1038545 | K50: 0.809839 | L50: 6.7716051 | M50: -11.515407 | N50: 1.5370518 | O50: -4.5017639 | P50: 3.005416 | Q50: -1.3004988 | R50: 3.2243213 | S50: 25.488562 | T50: -68.340661 | U50: 16.907913
B51: 2014 | C51: I TRIM | D51: 6.9359838 | E51: 39.932362 | F51: -6.6849592 | G51: -13.940485 | H51: -20.672647 | I51: 0.78321914 | J51: 11.223833 | K51: 8.6858845 | L51: -10.02897 | M51: 34.168959 | N51: 3.6378917 | O51: -43.006157 | P51: 4.4315178 | Q51: -0.65931273 | R51: 1.0618101 | S51: -13.657392 | T51: 59.484628 | U51: -7.1621612
C52: II TRIM | D52: -0.91670912 | E52: -0.59518686 | F52: 4.3547508 | G52: 12.935343 | H52: 13.349287 | I52: -4.4137944 | J52: -14.808489 | K52: 8.9810418 | L52: -1.2705004 | M52: 0.50292034 | N52: -2.6939728 | O52: 14.688049 | P52: 0.93242538 | Q52: -1.1867612 | R52: 12.040485 | S52: 22.43463 | T52: 4.8262306 | U52: 3.4859964
C53: III TRIM | D53: -0.62931969 | E53: -16.183982 | F53: 8.1942714 | G53: 9.3589647 | H53: 7.0134738 | I53: 4.6600756 | J53: 3.9002518 | K53: 6.8651491 | L53: 5.4610385 | M53: -11.337693 | N53: 2.9338398 | O53: -0.86253261 | P53: 0.63733844 | Q53: -0.72974918 | R53: 2.5202192 | S53: -3.2667522 | T53: -49.497749 | U53: 8.1907224
C54: IV TRIM | D54: 2.2187009 | E54: 4.9434295 | F54: 1.1742032 | G54: -9.5760967 | H54: 8.9223103 | I54: 3.9191076 | J54: -6.9633021 | K54: 7.563024 | L54: 1.8424107 | M54: 15.834493 | N54: 2.528689 | O54: 74.102258 | P54: 3.2496507 | Q54: -0.27849019 | R54: -5.6347514 | S54: -37.687252 | T54: -38.843052 | U54: 10.280064
B55: 2015 | C55: I TRIM | D55: 1.0192266 | E55: 39.743764 | F55: 1.6324134 | G55: -5.6414768 | H55: -6.1722854 | I55: 2.8955165 | J55: -7.0349833 | K55: -15.093153 | L55: -0.85319221 | M55: 2.4461202 | N55: -6.1256515 | O55: -26.009107 | P55: -1.9790319 | Q55: 0.40137066 | R55: -5.4037519 | S55: 24.519 | T55: 393.82003 | U55: -12.890128
C56: II TRIM | D56: -0.55418237 | E56: -17.203229 | F56: 3.3210341 | G56: 13.46725 | H56: 0.78520745 | I56: 2.9833648 | J56: 7.7867352 | K56: 2.0923956 | L56: 5.5337601 | M56: 0.9953708 | N56: 1.8966338 | O56: 1.4131429 | P56: 1.754601 | Q56: 0.65141241 | R56: -3.2460652 | S56: -22.458003 | T56: -83.550458 | U56: 4.838003
C57: III TRIM | D57: -1.5183596 | E57: -2.3754463 | F57: 1.7717872 | G57: 3.3282844 | H57: -3.8608868 | I57: 0.88242971 | J57: 3.2963539 | K57: 0.077806983 | L57: -8.5382045 | M57: -0.4559633 | N57: 0.82726022 | O57: 9.2558275 | P57: -11.276549 | Q57: 0.63479531 | R57: -1.4375943 | S57: 3.9962003 | T57: -58.28344 | U57: -1.5349962
C58: IV TRIM | D58: 9.5214479 | E58: 2.015195 | F58: -1.0683429 | G58: 4.380483 | H58: -0.59594429 | I58: 0.6693791 | J58: -17.553906 | K58: 3.7642138 | L58: -7.0871011 | M58: -0.97113827 | N58: 6.7156064 | O58: -2.0014089 | P58: 2.8919027 | Q58: 0.42998271 | R58: -1.126992 | S58: 82.493372 | T58: 1155.4875 | U58: -0.32035527
B59: 2016 | C59: I TRIM | D59: -4.339456 | E59: -5.5191436 | F59: 0.524573 | G59: -9.2123895 | H59: 5.907212 | I59: 4.50378 | J59: 32.016989 | K59: -2.9949292 | L59: 15.448546 | M59: 3.0394472 | N59: -6.9826808 | O59: -4.762357 | P59: -6.099234 | Q59: 0.54866077 | R59: 7.5705823 | S59: -39.40208 | T59: -94.184166 | U59: 2.5339289
C60: II TRIM | D60: -0.064012902 | E60: 8.0489543 | F60: -2.4290462 | G60: -7.4176684 | H60: 2.3880969 | I60: 2.4979421 | J60: -0.41197933 | K60: -4.1174161 | L60: -16.441189 | M60: 1.3671739 | N60: -2.8329933 | O60: -0.26396864 | P60: -5.4094668 | Q60: 1.4893794 | R60: 2.6617589 | S60: 8.4998181 | T60: 262.5661 | U60: -1.1591444
C61: III TRIM | D61: -0.63509398 | E61: 19.398645 | F61: -0.50400819 | G61: 20.400602 | H61: 0.73204878 | I61: 1.3847055 | J61: -23.53858 | K61: -3.0363041 | L61: 15.368497 | M61: 3.8831483 | N61: -3.4607391 | O61: 3.4845086 | P61: -4.7458117 | Q61: 0.86571453 | R61: 2.3760626 | S61: 4.9509704 | T61: -14.629807 | U61: -3.9199673
C62: IV TRIM | D62: -2.9867636 | E62: 10.112263 | F62: -7.5329741 | G62: -6.8228759 | H62: -2.8846183 | I62: 0.7960389 | J62: 1.929388 | K62: -4.0299287 | L62: 5.3589531 | M62: -6.8335966 | N62: 1.9698479 | O62: 8.2442789 | P62: -2.4546128 | Q62: 0.25708811 | R62: 6.8892956 | S62: 22.364098 | T62: 4.8195345 | U62: -0.46865773
B63: 2017 | C63: I TRIM | D63: 1.4199349 | E63: -21.111644 | F63: -2.1077217 | G63: -2.4161289 | H63: 4.3713487 | I63: -5.0756982 | J63: 6.8202245 | K63: 4.7826667 | L63: -6.3949143 | M63: 1.1668102 | N63: 4.8528868 | O63: -20.707845 | P63: 2.7940731 | Q63: 0.38384898 | R63: 1.8314284 | S63: -19.000942 | T63: -83.473077 | U63: 0.94221529
C64: II TRIM | D64: 2.7839245 | E64: 8.5925498 | F64: -0.30396566 | G64: 1.4562727 | H64: -1.1054462 | I64: -4.1676222 | J64: 12.635848 | K64: 4.3105855 | L64: -1.1543952 | M64: 5.7858647 | N64: -3.4653082 | O64: 2.1875995 | P64: 4.6581793 | Q64: 2.5751818 | R64: 1.2814842 | S64: 16.463998 | T64: 342.96511 | U64: 2.7865975
C65: III TRIM | D65: -0.34112038 | E65: 5.6277512 | F65: 2.9196264 | G65: -13.68324 | H65: 1.1734389 | I65: 11.958092 | J65: 1.4949642 | K65: -2.2908472 | L65: 1.5049347 | M65: 7.2828252 | N65: -2.2395792 | O65: 7.5900895 | P65: -2.1705932 | Q65: 0.22650613 | R65: -1.0188346 | S65: -14.058636 | T65: 9.0802592 | U65: 0.91915685
C66: IV TRIM | D66: -0.89274919 | E66: -11.356947 | F66: -4.9179415 | G66: 25.946452 | H66: -5.2368157 | I66: -3.4117646 | J66: -11.970696 | K66: -3.7113424 | L66: -0.75719056 | M66: -13.204123 | N66: 3.7791039 | O66: -3.6403697 | P66: 2.0819022 | Q66: -1.737366 | R66: 0.72142664 | S66: -9.4120669 | T66: -54.237235 | U66: -3.7829921
B67: 2018 | C67: I TRIM | D67: 0.90304697 | E67: -2.4962724 | F67: -4.4629914 | G67: -12.137007 | H67: 6.6802199 | I67: 1.7690939 | J67: -27.468979 | K67: 3.0185403 | L67: -0.082300133 | M67: 2.50358 | N67: 0.84125443 | O67: 11.376159 | P67: 0.57101144 | Q67: -1.4922733 | R67: 2.6512875 | S67: 19.354655 | T67: -99.990787 | U67: -1.0809956
C68: II TRIM | D68: -1.4545985 | E68: 11.670878 | F68: -1.1313879 | G68: 1.7361284 | H68: -2.9595122 | I68: 1.0516581 | J68: 54.73644 | K68: -0.40928661 | L68: 0.14363949 | M68: 11.180911 | N68: 1.1154593 | O68: -0.21975957 | P68: -1.6246736 | Q68: 4.7448845 | R68: -7.6548847 | S68: -2.8076142 | T68: 841458.81 | U68: 1.8200548
C69: III TRIM | D69: -0.55814739 | E69: -8.1143889 | F69: -2.2400193 | G69: -22.777787 | H69: 0.11037884 | I69: -2.4781092 | J69: 0.20504426 | K69: -0.96943441 | L69: 1.0995474 | M69: 1.137109 | N69: 0.090197708 | O69: 6.5811579 | P69: 1.8206041 | Q69: -0.585335 | R69: 7.0919544 | S69: -0.37577399 | T69: -49.452227 | U69: 1.4992151
C70: IV TRIM | D70: 1.0212132 | E70: -2.6379582 | F70: -2.6819003 | G70: 51.524377 | H70: 2.4519346 | I70: -0.54922263 | J70: 5.3637254 | K70: 0.66330655 | L70: -0.67674442 | M70: -21.590306 | N70: -10.572408 | O70: 40.721323 | P70: 0.77169527 | Q70: -3.2118184 | R70: -0.25535928 | S70: 5.9652501 | T70: 634.04276 | U70: 0.800569
B71: 2019 | C71: I TRIM | D71: 3.9342252 | E71: 0.34671583 | F71: -1.6890868 | G71: -12.932953 | H71: -8.9508319 | I71: 3.121889 | J71: -0.70164436 | K71: 3.0639648 | L71: -2.8274155 | M71: 8.6674526 | N71: 11.821307 | O71: -37.347049 | P71: -0.55605953 | Q71: -0.85654714 | R71: -3.9889564 | S71: -41.168889 | T71: -99.997362 | U71: -1.8531432
C72: II TRIM | D72: -2.5766336 | E72: -11.316882 | F72: -0.07685207 | G72: -3.47625 | H72: 11.036548 | I72: 0.49156775 | J72: -8.8642877 | K72: 2.1753365 | L72: -0.64341365 | M72: 20.366286 | N72: -3.6868547 | O72: -10.916726 | P72: 1.3076491 | Q72: 9.5419852 | R72: 8.469172 | S72: -3.0126481 | T72: 1535973.1 | U72: -2.4584192
C73: III TRIM | D73: -0.97013699 | E73: -7.5410924 | F73: -3.6422922 | G73: 12.699753 | H73: -7.0971284 | I73: 2.3967919 | J73: 6.1724168 | K73: -2.448469 | L73: 7.9675345 | M73: 4.8555238 | N73: -0.29018363 | O73: -9.6262902 | P73: 2.5832451 | Q73: -1.2349422 | R73: 2.8549331 | S73: 4.5194813 | T73: 1.7265353 | U73: 1.5279439
C74: IV TRIM | D74: -4.8346693 | E74: -0.54137121 | F74: -1.5703575 | G74: -10.270115 | H74: 4.4425121 | I74: 4.7069371 | J74: -7.979644 | K74: -6.2266659 | L74: 0.74533041 | M74: -10.602598 | N74: -7.2387315 | O74: 124.69857 | P74: -1.1204438 | Q74: -5.4030874 | R74: 2.8188039 | S74: 74.225213 | T74: -86.840231 | U74: 0.61513717
B75: 2020 | C75: I TRIM | D75: 20.590102 | E75: 12.281448 | F75: 4.2236198 | G75: -3.4719259 | H75: 1.4751094 | I75: -1.7176151 | J75: -8.326095 | K75: 12.114446 | L75: -12.482566 | M75: -19.214928 | N75: 0.74044047 | O75: -5.0215734 | P75: -4.4845774 | Q75: -0.91656639 | R75: 8.7902993 | S75: 1.1482109 | T75: 7311.677 | U75: 1.9624157
C76: II TRIM | D76: -13.509285 | E76: -20.388496 | F76: -7.9899644 | G76: -14.720113 | H76: -1.8594882 | I76: 0.11887523 | J76: -13.027889 | K76: -13.80488 | L76: 6.6297752 | M76: -50.901611 | N76: -5.2532047 | O76: -35.123104 | P76: -2.7457055 | Q76: -7.3995701 | R76: -28.166468 | S76: -4.977841 | T76: -60.870087 | U76: -14.592098
C77: III TRIM | D77: 7.989444 | E77: 3.346081 | F77: -0.11865692 | G77: 2.2874028 | H77: 1.98788 | I77: 0.12423413 | J77: -3.2478487 | K77: 14.50771 | L77: 10.6413 | M77: 11.069211 | N77: -2.842203 | O77: -31.697509 | P77: 1.7032445 | Q77: 7.7642152 | R77: 31.433185 | S77: 12.335438 | T77: 80.315016 | U77: 7.5676539
C78: IV TRIM | D78: 0.99217609 | E78: 18.91335 | F78: -7.2047732 | G78: 23.856454 | H78: 6.6631047 | I78: -0.95060179 | J78: -8.0910913 | K78: 4.8666176 | L78: -3.1847272 | M78: 90.274554 | N78: 5.5049666 | O78: -9.4751489 | P78: -0.24054468 | Q78: 2.511528 | R78: -3.064437 | S78: 3.1533858 | T78: 17.412772 | U78: 0.50009208
B79: 2021 | C79: I TRIM | D79: 0.45493881 | E79: 36.705769 | F79: -5.2315348 | G79: 17.781279 | H79: -4.717127 | I79: 1.2986608 | J79: -3.8226651 | K79: -2.6923893 | L79: -17.70233 | M79: -18.853461 | N79: 0.45739239 | O79: 20.416491 | P79: 3.4523465 | Q79: -0.4947227 | R79: 7.2773688 | S79: -13.917201 | T79: 21.353393 | U79: 0.44350355
C80: II TRIM | D80: -3.5099263 | E80: -4.9536468 | F80: -0.13050998 | G80: -39.530676 | H80: 2.342219 | I80: 1.6660295 | J80: -17.941022 | K80: -5.4531058 | L80: -5.2004478 | M80: -4.2791302 | N80: 1.8178686 | O80: 10.903759 | P80: 0.040760514 | Q80: -4.0873205 | R80: -2.6516236 | S80: 0.81966809 | T80: 16.196563 | U80: -7.2951636
C81: III TRIM | D81: 15.492752 | E81: 4.1413649 | F81: 1.6184072 | G81: 10.443837 | H81: 8.2878697 | I81: 0.24659087 | J81: 26.351231 | K81: 29.041234 | L81: -14.754683 | M81: 19.773781 | N81: -1.614975 | O81: 2.2638154 | P81: -1.6859366 | Q81: 5.532295 | R81: -1.8092547 | S81: -2.3193499 | T81: 7.8508192 | U81: 11.069473
C82: IV TRIM | D82: 4.2622788 | E82: -1.6077056 | F82: 1.6423924 | G82: 54.213894 | H82: -1.3921185 | I82: -0.97895294 | J82: 19.747029 | K82: 0.42323036 | L82: 7.3950248 | M82: 42.61152 | N82: -4.5505893 | O82: -3.5166699 | P82: -0.11665763 | Q82: 1.0620177 | R82: 4.6660305 | S82: 1.9260706 | T82: 9.4719348 | U82: 4.5070919
B83: 2022 | C83: I TRIM | D83: -11.36331 | E83: 6.152076 | F83: 3.7467698 | G83: -28.691465 | H83: 1.8011317 | I83: 1.3528237 | J83: -8.5302138 | K83: -9.5551683 | L83: 14.230749 | M83: -22.009146 | N83: 1.6084366 | O83: 1.5709778 | P83: 6.4833825 | Q83: -0.12356043 | R83: -3.7248233 | S83: -16.086889 | T83: 5.6592186 | U83: -2.6460708
C84: II TRIM | D84: 10.443007 | E84: -1.6950315 | F84: 0.20438612 | G84: 22.383311 | H84: -3.8041083 | I84: 1.9824829 | J84: -21.523288 | K84: 2.7852872 | L84: -0.52499167 | M84: 2.3861156 | N84: -1.675147 | O84: -0.47230563 | P84: -1.544794 | Q84: -1.6963612 | R84: 1.6469318 | S84: -5.647134 | T84: 17.924787 | U84: -1.9232271
C85: III TRIM | D85: -12.17342 | E85: -6.6744413 | F85: 2.1096355 | G85: -15.136836 | H85: 2.1174478 | I85: 3.2231709 | J85: 7.0150833 | K85: -2.8566922 | L85: -9.2711384 | M85: 14.967028 | N85: 1.7364569 | O85: -15.561673 | P85: 4.0555312 | Q85: 3.7605832 | R85: 7.8877048 | S85: 16.577874 | T85: -0.043244493 | U85: -0.66905951
C86: IV TRIM | D86: 3.490383 | E86: 12.609394 | F86: -7.7341135 | G86: 42.353925 | H86: -1.2923097 | I86: 2.7315263 | J86: 45.474355 | K86: 2.0907944 | L86: 1.0800732 | M86: 49.087681 | N86: -8.9175131 | O86: -6.0754122 | P86: 2.0264275 | Q86: 0.44863164 | R86: 6.7218133 | S86: 39.426628 | T86: -7.5843842 | U86: 6.3244654
B87: 2023 | C87: I TRIM | D87: 0.92127294 | E87: 1.3200321 | F87: -0.68016874 | G87: -14.643441 | H87: 5.3874959 | I87: -0.031943856 | J87: -21.244455 | K87: 0.32908247 | L87: 2.7297757 | M87: -31.06404 | N87: 20.47361 | O87: 9.1068693 | P87: -0.48355163 | Q87: 0.19084197 | R87: -1.6192031 | S87: -40.069289 | T87: -6.3600152 | U87: -3.067375
C88: II TRIM | D88: 7.2098782 | E88: -3.2148807 | F88: 4.6965314 | G88: -19.366671 | H88: 1.5101796 | I88: -1.0041066 | J88: 12.985872 | K88: 0.90651223 | L88: -13.894502 | M88: -3.7757397 | N88: -13.761675 | O88: 1.9454959 | P88: 1.1787694 | Q88: -0.35239951 | R88: 0.29932795 | S88: -4.1625849 | T88: -57.242681 | U88: 2.3466775
C89: III TRIM | D89: -2.8027499 | E89: -1.67936 | F89: 1.3271519 | G89: 48.336001 | H89: -0.85455974 | I89: 3.4530197 | J89: -4.8378483 | K89: 0.43995827 | L89: 18.37145 | M89: 7.3211783 | N89: 1.7322155 | O89: -6.7932134 | P89: 0.67916385 | Q89: 2.0014832 | R89: -3.807045 | S89: 29.34893 | T89: 173.16333 | U89: -1.448728
C90: IV TRIM | D90: 7.1096799 | E90: -1.1370828 | F90: -3.5502286 | G90: 1.5127413 | H90: 0.94124102 | I90: 0.61803848 | J90: -10.035563 | K90: 2.2697236 | L90: -0.65633057 | M90: 10.577599 | N90: -0.34805566 | O90: 11.930232 | P90: 0.67000543 | Q90: 0.60917985 | R90: -4.4105345 | S90: 1.1071537 | T90: 46.96706 | U90: -0.90776195
B91: 2024 | C91: I TRIM | D91: -0.4242813 | E91: -0.72293807 | F91: 3.5535964 | G91: -15.838435 | H91: 0.8207691 | I91: 1.6573098 | J91: 6.3729733 | K91: 0.47239935 | L91: 4.2518573 | M91: 11.394238 | N91: 2.7759887 | O91: -4.0786693 | P91: 0.91075392 | Q91: 0.12225016 | R91: 8.6000414 | S91: -16.426544 | T91: -30.999927 | U91: 4.0648009
C92: II TRIM | D92: 1.7714741 | E92: 6.5535176 | F92: 1.8152878 | G92: 28.015884 | H92: 4.3160071 | I92: 1.036863 | J92: 9.8275545 | K92: 0.59721047 | L92: -3.1510621 | M92: -12.445251 | N92: 5.8370706 | O92: 0.64176978 | P92: 3.8303058 | Q92: 0.32300759 | R92: 9.8152725 | S92: -11.428669 | T92: -33.113015 | U92: 3.5573602
C93: III TRIM | D93: -1.5779886 | E93: 7.2682422 | F93: 2.416891 | G93: 31.023369 | H93: -0.62700546 | I93: -1.4651806 | J93: -5.1008321 | K93: -2.0604939 | L93: 4.1888081 | M93: 5.8025288 | N93: 6.7173384 | O93: -1.7009015 | P93: -1.6423741 | Q93: 0.7746606 | R93: -6.5689838 | S93: 24.982231 | T93: 15.586786 | U93: -1.2582263
C94: IV TRIM | D94: 0.45477796 | E94: -7.2505185 | F94: -7.1499908 | G94: 18.542417 | H94: -0.73774324 | I94: 1.4211438 | J94: -5.1265552 | K94: -1.2757271 | L94: -0.10283249 | M94: 6.5256584 | N94: 15.796841 | O94: 5.6753913 | P94: 1.3928158 | Q94: 1.0937916 | R94: 1.6361069 | S94: -4.5481321 | T94: 15.619466 | U94: -1.4303931
B95: 2025 | C95: I TRIM | D95: 3.6891857 | E95: -2.0047629 | F95: -0.89960685 | G95: -24.113304 | H95: 2.9175634 | I95: -1.1826765 | J95: 6.2727266 | K95: 3.9284851 | L95: -0.98456242 | M95: 4.2914942 | N95: 13.375503 | O95: 2.7775727 | P95: 5.2315359 | Q95: 0.48610326 | R95: -0.42160115 | S95: -7.570187 | T95: -23.18123 | U95: 2.5343869
C96: II TRIM | D96: 0.27825551 | E96: 2.1556229 | F96: -2.8446199 | G96: -8.9555748 | H96: 3.8792482 | I96: 3.1752696 | J96: 2.3129552 | K96: 0.1850779 | L96: 8.4956317 | M96: -7.4203822 | N96: 13.228104 | O96: 0.36863863 | P96: -8.5712426 | Q96: 0.59648136 | R96: 4.416082 | S96: -32.267964 | T96: -42.664708 | U96: 1.080158
C97: III TRIM | D97: -0.065767054 | E97: -0.20189341 | F97: 4.0928413 | G97: 24.688762 | H97: 4.4456922 | I97: -2.7064394 | J97: -1.6338421 | K97: -0.37677067 | L97: -4.5876653 | M97: 5.0279063 | N97: 4.583142 | O97: 1.4347523 | P97: 7.6130026 | Q97: 1.0307939 | R97: -2.0009459 | S97: 33.203582 | T97: 46.172563 | U97: 0.10750723
C98: IV TRIM | D98: 0.074067012 | E98: 6.1803341 | F98: -1.4409187 | G98: 7.9342082 | H98: 6.6830258 | I98: 2.4263998 | J98: -1.8189424 | K98: 0.66814165 | L98: 11.357077 | M98: 4.130479 | N98: 3.8475712 | O98: 0.55022408 | P98: 1.2644188 | Q98: 1.187158 | R98: -0.026407429 | S98: 29.517049 | T98: -17.122977 | U98: 2.0671679
B99: 2026 | C99: I TRIM | D99: 1.2337448 | E99: 1.6261346 | F99: 0.11858571 | G99: -14.817448 | H99: -6.7113109 | I99: 5.3410134 | J99: 2.2943415 | K99: 1.0152438 | L99: -5.133851 | M99: 19.682492 | N99: 4.9376881 | O99: 5.9104864 | P99: 2.1559516 | Q99: 0.78883575 | R99: -0.33459549 | S99: -26.152248 | T99: -16.821138 | U99: 1.3743234
C100: II TRIM | D100: 0 | E100: 0 | F100: 0 | G100: 0 | H100: 0 | I100: 0 | J100: 0 | K100: 0 | L100: 0 | M100: 0 | N100: 0 | O100: 0 | P100: 0 | Q100: 0 | R100: 0 | S100: 0 | T100: 0 | U100: 0
...

Sheet Q4
C1: Quadro 4 - Contribuição % das Actividades Económicas na Taxa de Crescimento do PIB Trimestral Ajustado Sazonalmente
B2: Período | D2: Agro-Pecuária e Silvicultura | E2: Pesca e Aquicultura | F2: Extracção e Refino de Petróleo | G2: Extracção de Diamantes, Minerais Metálicos e de Outros Minerais não Metálicos | H2: Produtos da Indústria Transformadora | I2: Produção de Electricidade, Água e Saneamento | J2: Construção | K2: Comércio e Raparação de Veiculos | L2: Serviço de Alojamento e Restauração | M2: Transportes e Armazenagem | N2: Actividades de informação e de comunicação | O2: Intermediação Financeira e de Seguros | P2: Administração Pública, Defesa e Segurança Social Obrigatória | Q2: Serviços Imobiliários e Aluguer | R2: Outros Serviços | S2: Imposto sobre os produtos | T2: Subsídios (-) | U2: PRODUCTO INTERNO BRUTO
B3: 2002 | C3: I TRIM | D3: 0 | E3: 0 | F3: 0 | G3: 0 | H3: 0 | I3: 0 | J3: 0 | K3: 0 | L3: 0 | M3: 0 | N3: 0 | O3: 0 | P3: 0 | Q3: 0 | R3: 0 | S3: 0 | T3: 0 | U3: 0
C4: II TRIM | D4: 0.056364474 | E4: 0.041063066 | F4: -1.3712752 | G4: -0.098049594 | H4: -0.077366037 | I4: 0.065558132 | J4: 0.1477209 | K4: 1.5330143 | L4: -0.34265066 | M4: -0.0092050456 | N4: 0.015808123 | O4: 0.22486688 | P4: 0.97048627 | Q4: 0.31433555 | R4: 0.41575691 | S4: 0.38541429 | T4: -0.18584062 | U4: 2.0860017
C5: III TRIM | D5: 0.15791107 | E5: 0.01810387 | F5: 0.65089449 | G5: 0.18372147 | H5: 0.016280245 | I5: 0.073639863 | J5: 0.19845601 | K5: 1.4197658 | L5: -0.11069729 | M5: -0.033722043 | N5: 0.0076483953 | O5: 0.6364918 | P5: 0.40334058 | Q5: 0.18915125 | R5: 0.58466534 | S5: 0.35675312 | T5: -0.1696334 | U5: 4.5827706
C6: IV TRIM | D6: 0.18723533 | E6: -0.069548211 | F6: -0.10613977 | G6: -0.040904832 | H6: 0.093751356 | I6: -0.044074861 | J6: 0.28603749 | K6: 1.9244796 | L6: -0.069518402 | M6: -0.042386199 | N6: 0.010053868 | O6: 0.4575568 | P6: 1.2132515 | Q6: 0.74540283 | R6: 0.94683695 | S6: 1.0629578 | T6: -0.38627301 | U6: 6.1687182
B7: 2003 | C7: I TRIM | D7: 0.61527262 | E7: 0.12016899 | F7: -0.48446279 | G7: -0.10498997 | H7: 0.20148932 | I7: 0.13502266 | J7: 0.46267182 | K7: -4.7088449 | L7: 0.68694482 | M7: 0.10295689 | N7: 0.038556431 | O7: -1.7520321 | P7: -1.5721665 | Q7: -1.8518804 | R7: -2.2428854 | S7: -1.4291933 | T7: 0.66732986 | U7: -11.116042
C8: II TRIM | D8: 0.41534593 | E8: 0.059616561 | F8: -1.3561314 | G8: 0.22567292 | H8: 0.046147216 | I8: 0.004346985 | J8: 0.63925917 | K8: 2.3378162 | L8: -0.18096268 | M8: 0.018358485 | N8: 0.03480608 | O8: 0.50760839 | P8: 1.1918193 | Q8: 0.73741549 | R8: 0.65587826 | S8: 0.36402149 | T8: 0.028318907 | U8: 5.7293373
C9: III TRIM | D9: 0.31623098 | E9: 0.026965671 | F9: 0.66706051 | G9: 0.27022582 | H9: 0.11502146 | I9: -0.073122261 | J9: 0.57431388 | K9: 1.0046779 | L9: 0.0070824297 | M9: -0.0077904597 | N9: 0.011272695 | O9: 0.79028508 | P9: 0.26712814 | Q9: 0.70990677 | R9: 0.5440596 | S9: 0.26619976 | T9: 0.028864809 | U9: 5.5183828
C10: IV TRIM | D10: 0.34524325 | E10: -0.020647678 | F10: 0.03306666 | G10: -0.19670403 | H10: 0.21535354 | I10: 0.040282124 | J10: 0.64724598 | K10: 0.73464708 | L10: 0.088114936 | M10: 0.033230017 | N10: -0.0027478032 | O10: 0.3735889 | P10: 0.65783923 | Q10: 0.34150826 | R10: 0.56670312 | S10: 0.81380815 | T10: -0.13669575 | U10: 4.533836
B11: 2004 | C11: I TRIM | D11: 2.5393284 | E11: 0.3370071 | F11: 15.127841 | G11: -0.18494216 | H11: 3.1287357 | I11: 0.19364066 | J11: 3.7907044 | K11: -6.270426 | L11: 1.6403812 | M11: 0.87419268 | N11: -0.049545897 | O11: -5.8095144 | P11: 2.3379144 | Q11: -2.2539826 | R11: -1.7328779 | S11: -6.3084324 | T11: -21.335867 | U11: -13.975843
C12: II TRIM | D12: 0.90403215 | E12: 0.097382387 | F12: -3.0708312 | G12: 0.17594842 | H12: 1.1623037 | I12: 0.32517917 | J12: 2.2930468 | K12: 1.7414625 | L12: 0.49189801 | M12: 0.37089651 | N12: 0.11015371 | O12: -0.52828432 | P12: -1.396339 | Q12: -0.099084049 | R12: 1.0770714 | S12: 1.8251734 | T12: 18.29843 | U12: 23.778439
C13: III TRIM | D13: 0.12564604 | E13: 0.0068753526 | F13: 0.41600999 | G13: 0.054507807 | H13: 0.1166055 | I13: 0.043302748 | J13: 0.29769692 | K13: 0.12551522 | L13: 0.031137587 | M13: 0.042757802 | N13: 0.026363602 | O13: 0.41581457 | P13: 0.76438304 | Q13: -0.17005467 | R13: 0.072814948 | S13: -0.30493643 | T13: -0.0010685346 | U13: 2.0633715
C14: IV TRIM | D14: 0.47064848 | E14: -0.084484833 | F14: 0.010247206 | G14: -0.026381067 | H14: 0.043780354 | I14: -0.12252579 | J14: 0.73966181 | K14: 0.92642737 | L14: -0.14595214 | M14: 0.16779767 | N14: 0.011961486 | O14: 0.84782596 | P14: -1.3098158 | Q14: -0.019624515 | R14: 0.35279452 | S14: 2.8953643 | T14: -0.010708704 | U14: 4.7470164
B15: 2005 | C15: I TRIM | D15: -0.095575758 | E15: 0.019092813 | F15: 3.8704406 | G15: -0.17300993 | H15: 0.094965251 | I15: 0.022766205 | J15: 0.22167643 | K15: 0.40316991 | L15: 0.01113098 | M15: 0.11281571 | N15: -0.084466964 | O15: -0.76145332 | P15: 1.5241427 | Q15: 0.3058902 | R15: -0.015202112 | S15: -0.70032933 | T15: -0.041718374 | U15: 4.714335
C16: II TRIM | D16: 0.34833558 | E16: 0.27644461 | F16: -0.84447256 | G16: 0.30736704 | H16: 0.35201866 | I16: -0.0043224488 | J16: 0.50342076 | K16: 0.39877638 | L16: -0.12418505 | M16: 0.35436935 | N16: -0.12341888 | O16: 0.60044668 | P16: -0.39063872 | Q16: 0.26803269 | R16: 0.26885993 | S16: 0.29629166 | T16: -0.0067436021 | U16: 2.4805821
C17: III TRIM | D17: 0.20361651 | E17: 0.031859343 | F17: 0.37477783 | G17: 0.007796615 | H17: 0.071905322 | I17: 0.013166002 | J17: 0.17862975 | K17: 0.025892808 | L17: -0.069712342 | M17: 0.056845235 | N17: -0.066603672 | O17: 0.39949641 | P17: -0.35606526 | Q17: -0.068645339 | R17: 0.090059405 | S17: -0.10737565 | T17: 0.0016898776 | U17: 0.78733285
C18: IV TRIM | D18: 14.207174 | E18: 0.34785504 | F18: -9.301934 | G18: -3.136893 | H18: 1.6746125 | I18: 2.0298728 | J18: 6.6871243 | K18: 2.6794191 | L18: 0.40546428 | M18: 1.6620717 | N18: -0.58077268 | O18: 17.235019 | P18: 23.909407 | Q18: -0.10860004 | R18: 8.1550044 | S18: 31.788788 | T18: -108.76989 | U18: -11.116274
B19: 2006 | C19: I TRIM | D19: 1.1405586 | E19: 0.27464569 | F19: 7.4407788 | G19: 0.5086498 | H19: 0.40656121 | I19: 0.12866106 | J19: 0.51290384 | K19: 0.95500493 | L19: 0.9646547 | M19: 0.19046162 | N19: 0.20838415 | O19: -3.2010474 | P19: 1.1522501 | Q19: 0.45584231 | R19: 1.0980416 | S19: -3.0308576 | T19: 7.1010101 | U19: 16.306504
C20: II TRIM | D20: 0.50788512 | E20: 0.076214505 | F20: -1.4150477 | G20: -0.030200064 | H20: 0.15781335 | I20: -0.0065627562 | J20: 0.42392354 | K20: -0.26146496 | L20: 0.15599294 | M20: 0.10859902 | N20: 0.10327617 | O20: 0.20591904 | P20: 2.4783332 | Q20: 0.037794333 | R20: 0.22078076 | S20: 0.30803305 | T20: -0.061018558 | U20: 3.010271
C21: III TRIM | D21: 0.7023024 | E21: 0.12034546 | F21: 2.1915949 | G21: 0.28264437 | H21: 0.22022078 | I21: 0.095016672 | J21: 0.99920282 | K21: 0.142523 | L21: 0.3327967 | M21: 0.087099778 | N21: 0.13303178 | O21: 2.2733842 | P21: -6.7025109 | Q21: -0.13434575 | R21: -0.12571139 | S21: 1.1549536 | T21: -0.17533213 | U21: 1.5972162
C22: IV TRIM | D22: 0.1704024 | E22: 0.043667915 | F22: -0.062545985 | G22: -0.017788358 | H22: 0.036576788 | I22: 0.076364572 | J22: 0.31996309 | K22: 0.18454072 | L22: 0.042133403 | M22: 0.016730865 | N22: 0.010499371 | O22: 0.83685911 | P22: 1.555128 | Q22: 0.24176582 | R22: -0.14822331 | S22: 0.76408914 | T22: -0.50048156 | U22: 3.5696819
B23: 2007 | C23: I TRIM | D23: 0.033501308 | E23: -0.0093975074 | F23: 5.76627 | G23: 0.036241809 | H23: 0.025727599 | I23: -0.50284341 | J23: 0.64988725 | K23: 0.80350672 | L23: 0.021074923 | M23: 0.097285977 | N23: -0.02017937 | O23: -2.1763431 | P23: 0.90814508 | Q23: -0.09136772 | R23: -0.31200727 | S23: -0.74791265 | T23: 0.58379667 | U23: 5.0653863
C24: II TRIM | D24: 0.24130764 | E24: -0.019969341 | F24: -4.4329343 | G24: -0.47109979 | H24: 0.12105422 | I24: 1.9428176 | J24: 1.8448435 | K24: 0.95659063 | L24: 0.32252548 | M24: 0.39043701 | N24: 0.030871228 | O24: 0.71397892 | P24: 0.46373517 | Q24: 0.041976777 | R24: -1.1431202 | S24: -0.3962129 | T24: 2.1413951 | U24: 2.7481968
C25: III TRIM | D25: 0.11663751 | E25: 0.0093530266 | F25: 0.70917284 | G25: 0.2080164 | H25: 0.039764528 | I25: 0.015446951 | J25: 0.37558407 | K25: 0.3686289 | L25: 0.024692339 | M25: 0.10417179 | N25: 0.033787255 | O25: 0.52517003 | P25: -0.080831161 | Q25: -0.0093676662 | R25: -0.12566768 | S25: 0.13064689 | T25: 0.48258422 | U25: 2.9277902
C26: IV TRIM | D26: 0.22739894 | E26: 0.0042894284 | F26: -0.010096239 | G26: 0.22253506 | H26: 0.079899337 | I26: -0.016155862 | J26: 0.30801538 | K26: 0.46243537 | L26: -0.0048204956 | M26: 0.18353941 | N26: 0.066514318 | O26: 0.40945581 | P26: -0.88361282 | Q26: 0.034130424 | R26: 0.079942542 | S26: -0.10799068 | T26: -2.3819752 | U26: -1.3264953
B27: 2008 | C27: I TRIM | D27: 0.25825992 | E27: -0.003845072 | F27: 3.2856424 | G27: -0.26903992 | H27: 0.063967243 | I27: 0.0083632883 | J27: 0.27921968 | K27: 0.85159289 | L27: 0.11136963 | M27: 0.31000285 | N27: 0.13575578 | O27: -1.5180716 | P27: -0.74181695 | Q27: 0.26354014 | R27: 0.2560883 | S27: -0.28578925 | T27: 2.0362335 | U27: 5.0414728
C28: II TRIM | D28: 0.12844173 | E28: 0.0098360732 | F28: -1.0132145 | G28: 0.042842468 | H28: 0.012900845 | I28: -0.16693842 | J28: 0.17756111 | K28: 0.37337263 | L28: 0.070374624 | M28: 0.19623197 | N28: 0.098700929 | O28: 0.12967294 | P28: 0.038634067 | Q28: 0.06173528 | R28: 0.064951886 | S28: 0.10025456 | T28: -0.81621867 | U28: -0.49086049
C29: III TRIM | D29: 0.088688047 | E29: 0.016247779 | F29: 0.41668532 | G29: 0.0055344056 | H29: 0.015716441 | I29: 0.13328285 | J29: 0.10029058 | K29: 0.26523042 | L29: 0.028716004 | M29: 0.10781682 | N29: 0.061518007 | O29: 0.51737397 | P29: 1.0830388 | Q29: 0.055162088 | R29: 0.048356394 | S29: 0.19193401 | T29: 0.22628574 | U29: 3.3618776
C30: IV TRIM | D30: 0.53745327 | E30: 0.021277837 | F30: -0.62185854 | G30: -0.93983342 | H30: 0.38134245 | I30: -0.013055507 | J30: 0.33921004 | K30: 0.80555441 | L30: 0.12055175 | M30: 0.14414666 | N30: 0.20866118 | O30: 4.512595 | P30: 2.5134053 | Q30: 0.37808315 | R30: 0.17892201 | S30: -0.31614624 | T30: 3.2508197 | U30: 11.501129
B31: 2009 | C31: I TRIM | D31: 0.47227031 | E31: 0.19664931 | F31: -5.5997897 | G31: 0.36199289 | H31: 1.0228926 | I31: -0.61775481 | J31: 0.34671931 | K31: 0.81489675 | L31: 0.41354405 | M31: -0.27567815 | N31: 0.31124975 | O31: -8.3436357 | P31: 0.20333563 | Q31: -1.230961 | R31: 0.21081053 | S31: 0.5949554 | T31: -0.2912048 | U31: -11.409708
C32: II TRIM | D32: 1.0635086 | E32: 0.22078664 | F32: -6.8673058 | G32: 2.8495636 | H32: 1.0070176 | I32: 1.4743801 | J32: 1.8658907 | K32: 1.7674659 | L32: 1.2472544 | M32: 0.22635808 | N32: 0.5360631 | O32: -0.76309593 | P32: 5.7187491 | Q32: 3.5345542 | R32: 0.17000278 | S32: -7.5122632 | T32: -2.4542024 | U32: 4.0847275
C33: III TRIM | D33: 0.15806425 | E33: 0.011272133 | F33: 0.44221271 | G33: -0.051754139 | H33: 0.077524192 | I33: -0.0034498038 | J33: 0.19442699 | K33: 0.15478196 | L33: 0.050126372 | M33: 0.026886531 | N33: 0.021457626 | O33: 0.57197146 | P33: -0.59909029 | Q33: 0.087830833 | R33: 0.045172739 | S33: 0.35774957 | T33: 0.017408913 | U33: 1.562592
C34: IV TRIM | D34: 2.1110864 | E34: -0.10376278 | F34: -0.4362676 | G34: -0.33622504 | H34: 0.43434343 | I34: 0.093660583 | J34: 2.0910143 | K34: 1.1162148 | L34: 0.34679872 | M34: 0.64132405 | N34: -0.072857669 | O34: -2.77933 | P34: 10.094021 | Q34: 0.3068811 | R34: 0.67904129 | S34: -1.242215 | T34: -9.7927542 | U34: 3.1509737
B35: 2010 | C35: I TRIM | D35: 0.40529654 | E35: -0.36471093 | F35: 0.39862013 | G35: -0.0023687939 | H35: 0.10104289 | I35: 0.013629421 | J35: 0.45005863 | K35: 0.1806287 | L35: -0.036202053 | M35: 0.091636156 | N35: -0.30667573 | O35: -0.5169713 | P35: -0.61656669 | Q35: -0.29503559 | R35: 0.10764956 | S35: -0.54763817 | T35: 0.071175915 | U35: -0.86643132
C36: II TRIM | D36: 0.65319802 | E36: 0.032519791 | F36: -1.3061251 | G36: -0.13877096 | H36: 0.32122261 | I36: -0.1032361 | J36: 0.8023753 | K36: 0.65980545 | L36: 0.36988274 | M36: 0.21758436 | N36: 0.01030291 | O36: 0.58447173 | P36: 2.5449557 | Q36: 0.14054019 | R36: 0.33056584 | S36: 1.1578195 | T36: -0.2737099 | U36: 6.0034021
C37: III TRIM | D37: 0.2441135 | E37: 0.030293677 | F37: -0.92145832 | G37: 0.036454036 | H37: 0.12763949 | I37: 0.070894791 | J37: 0.24178676 | K37: 0.36476698 | L37: 0.081247164 | M37: 0.11067482 | N37: 0.095147569 | O37: 0.34479012 | P37: -1.7182096 | Q37: 0.037898712 | R37: 0.15231454 | S37: 0.34338909 | T37: 0.068038608 | U37: -0.29021808
C38: IV TRIM | D38: 0.61705759 | E38: -0.029102887 | F38: -3.4900116 | G38: -0.075322408 | H38: 0.21161706 | I38: 0.16314955 | J38: 0.32782316 | K38: 0.82934295 | L38: 0.18149134 | M38: 0.44517132 | N38: 0.53018031 | O38: 1.6669086 | P38: -2.7806041 | Q38: 0.028548475 | R38: 0.36027172 | S38: 0.25282465 | T38: -8.3673867 | U38: -9.128041
B39: 2011 | C39: I TRIM | D39: 0.23482838 | E39: 0.12179996 | F39: 0.74037203 | G39: 0.00028647728 | H39: 0.23236906 | I39: -0.05233653 | J39: 0.038434717 | K39: 0.32075761 | L39: -0.21573901 | M39: -0.018097231 | N39: 0.62528237 | O39: -1.6894542 | P39: 1.7472328 | Q39: 0.021871439 | R39: 0.059433487 | S39: -1.6743836 | T39: 5.9943494 | U39: 6.4870072
C40: II TRIM | D40: 0.10457442 | E40: 0.049825648 | F40: -0.6195312 | G40: 0.13064357 | H40: 0.13366552 | I40: 0.0041142215 | J40: 0.2992482 | K40: 0.28208237 | L40: 0.18725216 | M40: 0.053478607 | N40: 0.34947147 | O40: -0.28750732 | P40: -0.35353429 | Q40: 0.027829411 | R40: 0.12097265 | S40: 0.40246086 | T40: 0.0026506092 | U40: 0.88769692
C41: III TRIM | D41: 0.20452168 | E41: 0.056896057 | F41: 2.4427625 | G41: -0.22200402 | H41: 0.14506101 | I41: -0.01821139 | J41: 0.61225411 | K41: 0.29518719 | L41: 0.046779257 | M41: 0.30912226 | N41: 0.29507424 | O41: 1.219242 | P41: 0.32283977 | Q41: 0.16426774 | R41: 0.12268551 | S41: -0.11350445 | T41: -0.071868395 | U41: 5.811105
C42: IV TRIM | D42: 0.44912465 | E42: 0.085375664 | F42: 1.7325933 | G42: 0.24724808 | H42: 0.19670737 | I42: -0.071098406 | J42: 1.2843573 | K42: 0.23105979 | L42: -0.10761674 | M42: 0.75532658 | N42: 0.1204254 | O42: 0.18550812 | P42: 0.59434389 | Q42: 0.40444618 | R42: 0.15714119 | S42: -0.0348976 | T42: -7.658318 | U42: -1.4282732
B43: 2012 | C43: I TRIM | D43: 0.10686846 | E43: 0.011181682 | F43: 0.28653124 | G43: -0.040385025 | H43: 0.018232321 | I43: 0.068246803 | J43: 0.56352184 | K43: 0.31236628 | L43: -0.095322319 | M43: -0.0050847021 | N43: -0.072685153 | O43: -0.63366366 | P43: -0.41134508 | Q43: 0.19344493 | R43: 0.073728886 | S43: -0.26289807 | T43: 2.6562077 | U43: 2.7689461
C44: II TRIM | D44: 0.53435707 | E44: 0.051566629 | F44: -3.1246723 | G44: -0.059154352 | H44: 0.65457198 | I44: 0.18388661 | J44: 3.6310282 | K44: 0.73499509 | L44: -0.29797623 | M44: -0.15358049 | N44: -0.1825613 | O44: 1.0627981 | P44: -0.4733346 | Q44: 0.71582124 | R44: 0.35808607 | S44: 2.0886463 | T44: 0.029033231 | U44: 5.7535113
C45: III TRIM | D45: 0.19182738 | E45: 0.013015354 | F45: 0.066879478 | G45: 0.020748341 | H45: 0.13656618 | I45: -1.0053806 | J45: 0.72173391 | K45: 0.042464209 | L45: -1.0313113 | M45: 0.12736686 | N45: 0.01041379 | O45: 0.39147485 | P45: 0.27174783 | Q45: 0.12489887 | R45: 0.023923057 | S45: -1.2937584 | T45: 0.0062201356 | U45: -1.1811701
C46: IV TRIM | D46: 0.081546914 | E46: 0.012514663 | F46: 0.30162267 | G46: 0.0040331834 | H46: 0.053244732 | I46: -0.019062608 | J46: 0.21797765 | K46: -0.018454047 | L46: 0.038264846 | M46: 0.016805319 | N46: 0.02384208 | O46: -0.18852708 | P46: 0.0082139983 | Q46: 0.028744553 | R46: -0.0029560681 | S46: 0.10942655 | T46: -1.3544278 | U46: -0.68719041
B47: 2013 | C47: I TRIM | D47: 0.31681054 | E47: -0.013812244 | F47: -1.0854143 | G47: -0.04213565 | H47: 0.079927604 | I47: 0.32044071 | J47: 0.9783073 | K47: 0.68172341 | L47: 0.17181504 | M47: 1.194688 | N47: 0.24309188 | O47: -1.2545237 | P47: 0.27754177 | Q47: 0.018783925 | R47: -0.013479368 | S47: -0.0077612783 | T47: 6.8125418 | U47: 8.6785455
C48: II TRIM | D48: 0.0038857951 | E48: -0.0025794224 | F48: 0.12071488 | G48: 0.011369208 | H48: 0.10201358 | I48: 0.10866045 | J48: 0.37436265 | K48: 0.16534418 | L48: 0.11755246 | M48: -0.12211639 | N48: 0.11233768 | O48: 0.2796622 | P48: -0.17123048 | Q48: -0.022247567 | R48: 0.064387919 | S48: 0.058453412 | T48: -0.12555645 | U48: 1.0750141
C49: III TRIM | D49: -0.22182424 | E49: -0.048253427 | F49: 0.67947084 | G49: 0.27976354 | H49: 0.47110554 | I49: -1.0456938 | J49: 2.3949818 | K49: 1.0657695 | L49: 1.1107709 | M49: -4.0082798 | N49: 0.80225164 | O49: 4.8967326 | P49: 0.067049028 | Q49: -0.29198654 | R49: 1.1764738 | S49: 0.56999666 | T49: -24.122092 | U49: -16.223764
C50: IV TRIM | D50: -0.55728363 | E50: 0.11154465 | F50: -4.7056262 | G50: 0.021112304 | H50: 0.22160497 | I50: 0.52293782 | J50: 1.0622301 | K50: 0.63810353 | L50: 1.0537991 | M50: -3.161844 | N50: 0.23028335 | O50: -0.63564672 | P50: 2.1977251 | Q50: -0.31862735 | R50: 0.94176407 | S50: 4.7635947 | T50: 14.522241 | U50: 16.907913
B51: 2014 | C51: I TRIM | D51: 0.7847875 | E51: 0.45500315 | F51: -1.012936 | G51: -1.0820517 | H51: -1.1477029 | I51: 0.0083631895 | J51: 0.070612224 | K51: 0.11870911 | L51: -1.2702004 | M51: 0.04607209 | N51: 0.089733809 | O51: -1.9403008 | P51: 0.54123898 | Q51: -1.0258516 | R51: 0.051908736 | S51: -1.0193607 | T51: -0.83018578 | U51: -7.1621612
C52: II TRIM | D52: -0.32482883 | E52: -0.02779176 | F52: 1.8032392 | G52: 0.19188523 | H52: 1.721748 | I52: -0.13910544 | J52: -7.6093226 | K52: 3.6817825 | L52: -0.090190825 | M52: 0.077847195 | N52: -0.20168484 | O52: 0.53602296 | P52: 0.3482871 | Q52: -0.13537593 | R52: 1.7421269 | S52: 2.1572504 | T52: -0.24589296 | U52: 3.4859964
C53: III TRIM | D53: -0.1759101 | E53: -0.59806935 | F53: 2.819088 | G53: 0.12482952 | H53: 0.81631825 | I53: 0.11176768 | J53: 1.3593154 | K53: 2.4419027 | L53: 0.30472335 | M53: -1.4042459 | N53: 0.17015794 | O53: -0.028741471 | P53: 0.19130228 | Q53: -0.065488173 | R53: 0.32527083 | S53: -0.30619503 | T53: 2.1046964 | U53: 8.1907224
C54: IV TRIM | D54: 1.3467252 | E54: 0.33459852 | F54: 0.95509881 | G54: -0.3052354 | H54: 2.4285364 | I54: 0.21497799 | J54: -5.5101312 | K54: 6.2822102 | L54: 0.23692533 | M54: 3.7998298 | N54: 0.32989209 | O54: 5.3494019 | P54: 2.1451041 | Q54: -0.054215165 | R54: -1.629272 | S54: -7.4671468 | T54: 1.8227647 | U54: 10.280064
B55: 2015 | C55: I TRIM | D55: 0.26961911 | E55: 1.2036196 | F55: 0.57276218 | G55: -0.069325301 | H55: -0.78018836 | I55: 0.070371627 | J55: -2.2081745 | K55: -5.7494896 | L55: -0.047639799 | M55: 0.28989787 | N55: -0.34933613 | O55: -1.3937117 | P55: -0.57507223 | Q55: 0.033221151 | R55: -0.62863079 | S55: 1.2906521 | T55: -4.8187035 | U55: -12.890128
C56: II TRIM | D56: -0.090250683 | E56: -0.4436868 | F56: 0.72171145 | G56: 0.095164038 | H56: 0.05675222 | I56: 0.045466151 | J56: 1.3847109 | K56: 0.41242944 | L56: 0.1866964 | M56: 0.073648089 | N56: 0.061877887 | O56: 0.034144888 | P56: 0.30456556 | Q56: 0.032989715 | R56: -0.21769339 | S56: -0.8970715 | T56: 3.0765486 | U56: 4.838003
C57: III TRIM | D57: -0.32775466 | E57: -0.067610641 | F57: 0.53024974 | G57: 0.035569258 | H57: -0.37486268 | I57: 0.018459458 | J57: 0.84215645 | K57: 0.020869294 | L57: -0.40519445 | M57: -0.045414846 | N57: 0.0366559 | O57: 0.30230061 | P57: -2.6547437 | Q57: 0.043128666 | R57: -0.12433199 | S57: 0.16497953 | T57: 0.4705479 | U57: -1.5349962
C58: IV TRIM | D58: 0.35082265 | E58: 0.0097051243 | F58: -0.056397792 | G58: 0.0083839893 | H58: -0.0096415321 | I58: 0.0024483958 | J58: -0.80292101 | K58: 0.17512831 | L58: -0.053316351 | M58: -0.016688581 | N58: 0.052002002 | O58: -0.012378253 | P58: 0.10469444 | Q58: 0.0050954977 | R58: -0.016650751 | S58: 0.61386725 | T58: -0.67450867 | U58: -0.32035527
B59: 2016 | C59: I TRIM | D59: -0.40360415 | E59: -0.062496704 | F59: 0.063143578 | G59: -0.04241865 | H59: 0.21895939 | I59: 0.038222631 | J59: 2.7828267 | K59: -0.33323667 | L59: 0.24888112 | M59: 0.1192151 | N59: -0.13299077 | O59: -0.066527597 | P59: -0.52364019 | Q59: 0.015050102 | R59: 0.25489219 | S59: -1.23327 | T59: 1.5909228 | U59: 2.5339289
C60: II TRIM | D60: -0.0050017933 | E60: 0.075626457 | F60: -0.25812871 | G60: -0.027232255 | H60: 0.082331028 | I60: 0.019456415 | J60: -0.041516046 | K60: -0.39029272 | L60: -0.26855366 | M60: 0.048525382 | N60: -0.044077171 | O60: -0.0030842239 | P60: -0.38298901 | Q60: 0.03607632 | R60: 0.08466317 | S60: 0.1415831 | T60: -0.22653064 | U60: -1.1591444
C61: III TRIM | D61: -0.089058292 | E61: 0.35365718 | F61: -0.093845815 | G61: 0.12452126 | H61: 0.046404204 | I61: 0.019852228 | J61: -4.2421316 | K61: -0.49557218 | L61: 0.37668448 | M61: 0.25088966 | N61: -0.093953308 | O61: 0.072919456 | P61: -0.57075045 | Q61: 0.038218039 | R61: 0.13933128 | S61: 0.16068575 | T61: 0.082180789 | U61: -3.9199673
C62: IV TRIM | D62: -0.1412576 | E62: 0.074713733 | F62: -0.47368644 | G62: -0.017019164 | H62: -0.062519414 | I62: 0.0039273548 | J62: 0.090241723 | K62: -0.216476 | L62: 0.051434568 | M62: -0.15568071 | N62: 0.017523524 | O62: 0.060599839 | P62: -0.095443072 | Q62: 0.0038856245 | R62: 0.1403801 | S62: 0.25856305 | T62: -0.0078448502 | U62: -0.46865773
B63: 2017 | C63: I TRIM | D63: 0.22874831 | E63: -0.60305554 | F63: -0.43030078 | G63: -0.01971731 | H63: 0.32305578 | I63: -0.088624257 | J63: 1.1416511 | K63: 0.86569684 | L63: -0.22705382 | M63: 0.086954588 | N63: 0.15456395 | O63: -0.57850371 | P63: 0.37209465 | Q63: 0.020422167 | R63: 0.14005622 | S63: -0.94382552 | T63: 0.50005262 | U63: 0.94221529
C64: II TRIM | D64: 0.25096844 | E64: 0.10683636 | F64: -0.033518201 | G64: 0.0063987802 | H64: -0.047046772 | I64: -0.038112851 | J64: 1.2466412 | K64: 0.45109738 | L64: -0.021168833 | M64: 0.24068416 | N64: -0.063852685 | O64: 0.026737337 | P64: 0.35184291 | Q64: 0.075886068 | R64: 0.055062562 | S64: 0.36549441 | T64: -0.18735277 | U64: 2.7865975
C65: III TRIM | D65: -0.15894241 | E65: 0.38210016 | F65: 1.6140114 | G65: -0.30673801 | H65: 0.24835354 | I65: 0.52699017 | J65: 0.83539099 | K65: -1.2574878 | L65: 0.13717112 | M65: 1.6115806 | N65: -0.20032373 | O65: 0.47669511 | P65: -0.86283844 | Q65: 0.034428783 | R65: -0.22295755 | S65: -1.827787 | T65: -0.11049006 | U65: 0.91915685
C66: IV TRIM | D66: -0.095944085 | E66: -0.18850488 | F66: -0.64759205 | G66: 0.11619632 | H66: -0.25952805 | I66: -0.038959717 | J66: -1.5713159 | K66: -0.46069614 | L66: -0.016213546 | M66: -0.72549184 | N66: 0.07648187 | O66: -0.056931442 | P66: 0.18737921 | Q66: -0.061257073 | R66: 0.036166281 | S66: -0.24339422 | T66: 0.16661315 | U66: -3.7829921
B67: 2018 | C67: I TRIM | D67: 0.051665643 | E67: -0.019728542 | F67: -0.30015121 | G67: -0.036771323 | H67: 0.1685174 | I67: 0.010481156 | J67: -1.7049483 | K67: 0.19379965 | L67: -0.00093944146 | M67: 0.064132896 | N67: 0.0094908317 | O67: 0.092086254 | P67: 0.028180713 | Q67: -0.027771479 | R67: 0.071909737 | S67: 0.24354452 | T67: 0.075505973 | U67: -1.0809956
C68: II TRIM | D68: -0.066446555 | E68: 0.071164162 | F68: -0.057521575 | G68: 0.0036569502 | H68: -0.063021912 | I68: 0.0050174418 | J68: 1.9498562 | K68: -0.021420643 | L68: 0.0012963403 | M68: 0.23231067 | N68: 0.010041589 | O68: -0.0015677353 | P68: -0.063808665 | Q68: 0.068830377 | R68: -0.16864267 | S68: -0.033365933 | T68: -0.046323318 | U68: 1.8200548
C69: III TRIM | D69: -2.1536143 | E69: -4.7359474 | F69: -9.6512326 | G69: -4.1838613 | H69: 0.19550756 | I69: -1.024059 | J69: 0.96876759 | K69: -4.3310736 | L69: 0.85179649 | M69: 2.2515294 | N69: 0.070374463 | O69: 4.0153659 | P69: 6.0293232 | Q69: -0.76233375 | R69: 12.366933 | S69: -0.37203015 | T69: 1.9637692 | U69: 1.4992151
C70: IV TRIM | D70: 0.12326539 | E70: -0.044504403 | F70: -0.35536222 | G70: 0.22990968 | H70: 0.13677359 | I70: -0.0069629227 | J70: 0.79884883 | K70: 0.092320294 | L70: -0.016673711 | M70: -0.45110386 | N70: -0.25972966 | O70: 0.83303191 | P70: 0.081859874 | Q70: -0.13082134 | R70: -0.015001721 | S70: 0.1850894 | T70: -0.40037014 | U70: 0.800569
B71: 2019 | C71: I TRIM | D71: 0.53999525 | E71: 0.0064104986 | F71: -0.24517017 | G71: -0.098427875 | H71: -0.57579822 | I71: 0.044305964 | J71: -0.12393661 | K71: 0.48320483 | L71: -0.077882803 | M71: 0.4819225 | N71: 0.29233316 | O71: -1.2101783 | P71: -0.066908068 | Q71: -0.038009715 | R71: -0.26310657 | S71: -1.5236278 | T71: 0.52173075 | U71: -1.8531432
C72: II TRIM | D72: -0.52676024 | E72: -0.38523299 | F72: -0.20653568 | G72: -0.21737272 | H72: 0.58047479 | I72: 0.0064602035 | J72: -1.5928495 | K72: 0.31750313 | L72: -0.21215298 | M72: 0.10500509 | N72: -0.28823829 | O72: -0.39570671 | P72: 0.14050571 | Q72: 0.37697569 | R72: 0.48161695 | S72: -0.25559019 | T72: -0.38652146 | U72: -2.4584192
C73: III TRIM | D73: -0.54013529 | E73: -0.49706544 | F73: -2.0805364 | G73: 0.32540238 | H73: -1.8490496 | I73: 0.14121232 | J73: 3.9526243 | K73: -1.6289662 | L73: 0.84885471 | M73: 1.4146311 | N73: -0.030960836 | O73: -0.69743987 | P73: 1.2544704 | Q73: -0.23842494 | R73: 0.78562068 | S73: 0.38232928 | T73: -0.014622669 | U73: 1.5279439
C74: IV TRIM | D74: 1.3610833 | E74: 0.016846337 | F74: 0.44133442 | G74: 0.15142793 | H74: -0.54904244 | I74: -0.14499375 | J74: 2.7701785 | K74: 2.0634283 | L74: -0.043775759 | M74: 1.6538381 | N74: 0.39320806 | O74: -4.1690169 | P74: 0.28499917 | Q74: 0.52605677 | R74: -0.40737017 | S74: -3.3510423 | T74: -0.38202226 | U74: 0.61513717
B75: 2020 | C75: I TRIM | D75: 23.948511 | E75: 1.6501587 | F75: 5.0722812 | G75: -0.19941673 | H75: 0.82661288 | I75: -0.24051132 | J75: -11.547098 | K75: 16.343313 | L75: -3.2065424 | M75: -11.632356 | N75: 0.16197206 | O75: -1.6377049 | P75: -4.8967156 | Q75: -0.36648386 | R75: 5.6705334 | S75: 0.39208883 | T75: -18.376226 | U75: 1.9624157
C76: II TRIM | D76: -2.253233 | E76: -0.36577277 | F76: -1.1892456 | G76: -0.097050541 | H76: -0.12573985 | I76: 0.0019454442 | J76: -1.9696694 | K76: -2.4829774 | L76: 0.17724277 | M76: -2.9602857 | N76: -0.13766394 | O76: -1.2937661 | P76: -0.34052802 | Q76: -0.34861054 | R76: -2.3506331 | S76: -0.20445799 | T76: 1.3483473 | U76: -14.592098
C77: III TRIM | D77: 1.6909192 | E77: 0.070113484 | F77: -0.023840648 | G77: 0.018868578 | H77: 0.19354462 | I77: 0.0029863957 | J77: -0.6265535 | K77: 3.2997782 | L77: 0.44504714 | M77: 0.4637128 | N77: -0.10353294 | O77: -1.1113251 | P77: 0.30140312 | Q77: 0.49694425 | R77: 2.7645927 | S77: 0.70632666 | T77: -1.0213311 | U77: 7.5676539
C78: IV TRIM | D78: 0.033471597 | E78: 0.060454363 | F78: -0.21341736 | G78: 0.029711504 | H78: 0.097659883 | I78: -0.0033771034 | J78: -0.22291032 | K78: 0.18708885 | L78: -0.021752085 | M78: 0.61999978 | N78: 0.028757815 | O78: -0.033491813 | P78: -0.0063900081 | Q78: 0.025569531 | R78: -0.052287584 | S78: 0.029939531 | T78: -0.058934512 | U78: 0.50009208
B79: 2021 | C79: I TRIM | D79: 0.2809842 | E79: 0.80013388 | F79: -0.6019751 | G79: 0.33091869 | H79: -0.30870644 | I79: 0.23522911 | J79: -0.40519238 | K79: -0.45437052 | L79: -0.49002395 | M79: -0.031364849 | N79: 0.22665247 | O79: 0.48957333 | P79: 0.59909032 | Q79: -0.021613925 | R79: 0.71997087 | S79: -0.5705814 | T79: -0.35522076 | U79: 0.44350355
C80: II TRIM | D80: -0.86573044 | E80: -0.18549819 | F80: -0.024500821 | G80: -0.51759002 | H80: 0.25143985 | I80: 0.04279785 | J80: -3.148753 | K80: -1.5416532 | L80: -0.20395709 | M80: -0.32701705 | N80: 0.07253648 | O80: 0.30277544 | P80: 0.0080533711 | Q80: -0.30590055 | R80: -0.33906971 | S80: 0.049801655 | T80: -0.56289825 | U80: -7.2951636
C81: III TRIM | D81: 2.4041696 | E81: 0.096108718 | F81: 0.19784576 | G81: 0.053915799 | H81: 0.59370889 | I81: 0.0041991493 | J81: 2.4745009 | K81: 5.0614421 | L81: -0.35768721 | M81: 0.94314929 | N81: -0.042781202 | O81: 0.04545701 | P81: -0.21728286 | Q81: 0.25893581 | R81: -0.14685027 | S81: -0.092637424 | T81: -0.20672095 | U81: 11.069473
C82: IV TRIM | D82: 0.55858563 | E82: -0.028412257 | F82: 0.14919178 | G82: 0.22602928 | H82: -0.078966577 | I82: -0.012220034 | J82: 1.7132652 | K82: 0.069601915 | L82: 0.11174815 | M82: 1.7800662 | N82: -0.086724237 | O82: -0.052804399 | P82: -0.010808606 | Q82: 0.038358408 | R82: 0.27192542 | S82: 0.054948723 | T82: -0.19669273 | U82: 4.5070919
B83: 2022 | C83: I TRIM | D83: -0.8406266 | E83: 0.057916876 | F83: 0.18729363 | G83: -0.099874236 | H83: 0.054544045 | I83: 0.0090532072 | J83: -0.47981149 | K83: -0.85435831 | L83: 0.12503621 | M83: -0.70988839 | N83: 0.015840657 | O83: 0.012322078 | P83: 0.32484366 | Q83: -0.002441852 | R83: -0.12300898 | S83: -0.25325959 | T83: -0.069651747 | U83: -2.6460708
C84: II TRIM | D84: 2.2359214 | E84: -0.05531066 | F84: 0.034610759 | G84: 0.18142024 | H84: -0.38293628 | I84: 0.043906186 | J84: -3.615898 | K84: 0.73548631 | L84: -0.017205315 | M84: 0.19599329 | N84: -0.054735753 | O84: -0.012286434 | P84: -0.26911897 | Q84: -0.10933028 | R84: 0.17097799 | S84: -0.24359642 | T84: -0.76112522 | U84: -1.9232271
C85: III TRIM | D85: -1.9222311 | E85: -0.49841673 | F85: 0.23904393 | G85: -0.27798673 | H85: 0.13691994 | I85: 0.048612617 | J85: 0.61759676 | K85: -0.69547657 | L85: -0.37955115 | M85: 0.84052413 | N85: 0.03725369 | O85: -0.44676946 | P85: 0.46449817 | Q85: 0.15910021 | R85: 0.55581897 | S85: 0.45055786 | T85: 0.0014459785 | U85: -0.66905951
C86: IV TRIM | D86: 0.31013184 | E86: 0.16150259 | F86: -0.57332628 | G86: 0.15253679 | H86: -0.054673245 | I86: 0.027245987 | J86: 2.7449726 | K86: 0.2358511 | L86: 0.013667874 | M86: 2.0305549 | N86: -0.12470388 | O86: -0.056825093 | P86: 0.15473437 | Q86: 0.012618047 | R86: 0.32741261 | S86: 0.8003534 | T86: 0.16241188 | U86: 6.3244654
B87: 2023 | C87: I TRIM | D87: 0.060634445 | E87: 0.013627062 | F87: -0.033297143 | G87: -0.05373427 | H87: 0.16102897 | I87: -0.00023428585 | J87: -1.3352461 | K87: 0.027125374 | L87: 0.024991833 | M87: -1.3711966 | N87: 0.186648 | O87: 0.057262543 | P87: -0.026963053 | Q87: 0.0038590286 | R87: -0.06024504 | S87: -0.81172205 | T87: 0.090086313 | U87: -3.067375
C88: II TRIM | D88: 0.63654537 | E88: -0.044695678 | F88: 0.30352266 | G88: -0.080628342 | H88: 0.06322988 | I88: -0.0097855993 | J88: 0.85438893 | K88: 0.099645829 | L88: -0.17369931 | M88: -0.15271345 | N88: -0.20089992 | O88: 0.017740733 | P88: 0.086943593 | Q88: -0.0094897561 | R88: 0.014563482 | S88: -0.067173173 | T88: 1.0091822 | U88: 2.3466775
C89: III TRIM | D89: -0.45692406 | E89: -0.038920328 | F89: 0.15466436 | G89: 0.27947405 | H89: -0.062556036 | I89: 0.057378245 | J89: -0.61941871 | K89: 0.084050358 | L89: 0.34060646 | M89: 0.49075445 | N89: 0.037560738 | O89: -0.10876971 | P89: 0.087296354 | Q89: 0.092504315 | R89: -0.31998337 | S89: 0.7817782 | T89: -2.2482233 | U89: -1.448728
C90: IV TRIM | D90: 1.0589972 | E90: -0.024355699 | F90: -0.39407863 | G90: 0.012195879 | H90: 0.064214261 | I90: 0.0099870678 | J90: -1.1493946 | K90: 0.40939137 | L90: -0.013539735 | M90: 0.71529785 | N90: -0.0072172293 | O90: 0.16736331 | P90: 0.081502432 | Q90: 0.026995611 | R90: -0.33520076 | S90: 0.035858585 | T90: -1.5657788 | U90: -0.90776195
B91: 2024 | C91: I TRIM | D91: -0.075377301 | E91: -0.017047324 | F91: 0.42365183 | G91: -0.14434258 | H91: 0.06294098 | I91: 0.030006493 | J91: 0.73122935 | K91: 0.09703654 | L91: 0.097033032 | M91: 0.94877984 | N91: 0.063876114 | O91: -0.071316575 | P91: 0.12419571 | Q91: 0.0060694296 | R91: 0.69572492 | S91: -0.59899959 | T91: 1.69134 | U91: 4.0648009
C92: II TRIM | D92: 0.29302639 | E92: 0.14345322 | F92: 0.20954796 | G92: 0.20092415 | H92: 0.31201569 | I92: 0.017844456 | J92: 1.1215537 | K92: 0.11524762 | L92: -0.070099267 | M92: -1.0793899 | N92: 0.12907413 | O92: 0.010064639 | P92: 0.4928426 | Q92: 0.01501321 | R92: 0.80630835 | S92: -0.32566878 | T92: 1.1656021 | U92: 3.5573602
C93: III TRIM | D93: -0.68151261 | E93: 0.43491567 | F93: 0.72875249 | G93: 0.73072283 | H93: -0.12130777 | I93: -0.065361952 | J93: -1.6402082 | K93: -1.0262045 | L93: 0.23153352 | M93: 1.1304302 | N93: 0.40332146 | O93: -0.068872913 | P93: -0.56291531 | Q93: 0.092671223 | R93: -1.5203087 | S93: 1.6176215 | T93: -0.94150327 | U93: -1.2582263
C94: IV TRIM | D94: 0.13167006 | E94: -0.31698685 | F94: -1.5039224 | G94: 0.38976621 | H94: -0.096608707 | I94: 0.042548763 | J94: -1.0655439 | K94: -0.42384163 | L94: -0.0040336684 | M94: 0.91616181 | N94: 0.68942132 | O94: 0.15386505 | P94: 0.31981443 | Q94: 0.089814138 | R94: 0.24096928 | S94: -0.25069888 | T94: -0.74278815 | U94: -1.4303931
B95: 2025 | C95: I TRIM | D95: 0.41744611 | E95: -0.031627026 | F95: -0.068354374 | G95: -0.23376528 | H95: 0.1475459 | I95: -0.013971887 | J95: 0.48123635 | K95: 0.50131021 | L95: -0.015009905 | M95: 0.24970214 | N95: 0.2629862 | O95: 0.030959585 | P95: 0.4738626 | Q95: 0.015699102 | R95: -0.024553392 | S95: -0.15496087 | T95: 0.49588149 | U95: 2.5343869
C96: II TRIM | D96: 0.24061753 | E96: 0.043351394 | F96: -0.2786398 | G96: -0.085706225 | H96: 0.4607959 | I96: 0.24636865 | J96: 0.2453133 | K96: 0.031930121 | L96: 0.16682582 | M96: -0.58575889 | N96: 0.38359208 | O96: 0.20364165 | P96: -1.0627788 | Q96: 0.22332939 | R96: 0.53129967 | S96: -0.79419848 | T96: 1.1101747 | U96: 1.080158
C97: III TRIM | D97: -0.00060228376 | E97: -0.00024818033 | F97: 0.023305763 | G97: 0.012871354 | H97: 0.018708853 | I97: -0.0025373404 | J97: -0.010608335 | K97: -0.0038965368 | L97: -0.0058482268 | M97: 0.021986081 | N97: 0.0090041399 | O97: 0.001284061 | P97: 0.051640514 | Q97: 0.002619326 | R97: -0.0094310538 | S97: 0.033119914 | T97: -0.033860815 | U97: 0.10750723
C98: IV TRIM | D98: 0.0098228892 | E98: 0.10987195 | F98: -0.12376736 | G98: 0.074741738 | H98: 0.42567565 | I98: 0.032072607 | J98: -0.16834847 | K98: 0.099755818 | L98: 0.20017551 | M98: 0.27489899 | N98: 0.11456043 | O98: 0.007238398 | P98: 0.13375119 | Q98: 0.04416593 | R98: -0.0017675848 | S98: 0.56832987 | T98: 0.26599039 | U98: 2.0671679
B99: 2026 | C99: I TRIM | D99: 0.16946189 | E99: 0.031767732 | F99: 0.010389781 | G99: -0.15592037 | H99: -0.47197511 | I99: 0.074837317 | J99: 0.21576785 | K99: 0.15792207 | L99: -0.10428364 | M99: 1.4116967 | N99: 0.15800787 | O99: 0.080913292 | P99: 0.23900848 | Q99: 0.03073276 | R99: -0.023172359 | S99: -0.6749541 | T99: 0.22412325 | U99: 1.3743234
C100: II TRIM | D100: 0 | E100: 0 | F100: 0 | G100: 0 | H100: 0 | I100: 0 | J100: 0 | K100: 0 | L100: 0 | M100: 0 | N100: 0 | O100: 0 | P100: 0 | Q100: 0 | R100: 0 | S100: 0 | T100: 0 | U100: 0
...

Sheet Q5
C1: Quadro 5 - PIB_Trimestral_Medidas de Volume Encadeadas (Não Ajustada) em Milhões de Kwanzas
B2: Período | D2: Agro-Pecuária e Silvicultura | E2: Pesca e Aquicultura | F2: Extracção e Refino de Petróleo | G2: Extracção de Diamantes, Minerais Metálicos e de Outros Minerais não Metálicos | H2: Produtos da Indústria Transformadora | I2: Produção de Electricidade, Água e Saneamento | J2: Construção | K2: Comércio e Raparação de Veiculos | L2: Serviço de Alojamento e Restauração | M2: Transportes e Armazenagem | N2: Actividades de informação e de comunicação | O2: Intermediação Financeira e de Seguros | P2: Administração Pública, Defesa e Segurança Social Obrigatória | Q2: Serviços Imobiliários e Aluguer | R2: Outros Serviços | S2: Imposto sobre os produtos | T2: Subsídios (-) | U2: PRODUCTO INTERNO BRUTO
C3: Total | D3: 800987.73 | E3: 77872.749 | F3: 1241999.6 | G3: 52753.794 | H3: 343694.49 | I3: 48482.873 | J3: 546962.88 | K3: 790988.99 | L3: 133026.19 | M3: 292468.33 | N3: 85675.553 | O3: 147431.97 | P3: 806221.95 | Q3: 301299.7 | R3: 385439.86 | S3: 222286.59 | T3: -81835.93 | U3: 6423975.2
B4: 2002 | C4: I TRIM | D4: 237453.81 | E4: 19740.821 | F4: 317550.06 | G4: 12771.318 | H4: 78888.935 | I4: 11424.11 | J4: 140722.35 | K4: 148430.62 | L4: 14850.66 | M4: 65360.207 | N4: 20542.965 | O4: 28349.376 | P4: 159794.14 | Q4: 63478.074 | R4: 72333.17 | S4: 45536.408 | T4: -16118.798 | U4: 1540753.9
C5: II TRIM | D5: 299687.38 | E5: 16627.256 | F5: 302058.3 | G5: 11663.619 | H5: 80538.539 | I5: 12569.502 | J5: 127334.28 | K5: 174626.93 | L5: 31893.062 | M5: 68525.215 | N5: 20950.509 | O5: 30889.772 | P5: 161831.71 | Q5: 66886.011 | R5: 92357.694 | S5: 49890.561 | T5: -18218.301 | U5: 1524907.5
C6: III TRIM | D6: 161270.24 | E6: 15513.201 | F6: 312003.28 | G6: 14470.689 | H6: 83878.18 | I6: 12766.921 | J6: 142891.31 | K6: 213059.81 | L6: 40385.979 | M6: 79381.91 | N6: 20652.637 | O6: 40614.693 | P6: 184516.94 | Q6: 79170.697 | R6: 108935.8 | S6: 55341.372 | T6: -20810.12 | U6: 1579032.4
C7: IV TRIM | D7: 102576.3 | E7: 25991.469 | F7: 310387.97 | G7: 13848.169 | H7: 100388.84 | I7: 11722.34 | J7: 136014.94 | K7: 254871.63 | L7: 45896.492 | M7: 79201.002 | N7: 23529.442 | O7: 47578.133 | P7: 300079.16 | Q7: 91764.921 | R7: 111813.2 | S7: 71518.252 | T7: -26688.71 | U7: 1779281.4
C8: Total | D8: 868257.84 | E8: 83774.355 | F8: 1193872.7 | G8: 63202.361 | H8: 365103.72 | I8: 54318.205 | J8: 636766.3 | K8: 840860.07 | L8: 149765.68 | M8: 295128.84 | N8: 89765.532 | O8: 156326.8 | P8: 867393.6 | Q8: 310511.59 | R8: 395070.88 | S8: 253210.75 | T8: -76488.245 | U8: 6647999.3
B9: 2003 | C9: I TRIM | D9: 252936.79 | E9: 20851.582 | F9: 304845.65 | G9: 12647.069 | H9: 81801.342 | I9: 14183.697 | J9: 155887.15 | K9: 161932.52 | L9: 15780.125 | M9: 65217.624 | N9: 21409.269 | O9: 27534.652 | P9: 175368.13 | Q9: 60308.589 | R9: 74684.034 | S9: 55168.09 | T9: -19054.368 | U9: 1553375
C10: II TRIM | D10: 325152.23 | E10: 17835.732 | F10: 289596.49 | G10: 15184.672 | H10: 85093.411 | I10: 14578.159 | J10: 146117.18 | K10: 197920.3 | L10: 34880.486 | M10: 68624.714 | N10: 22044.721 | O10: 33242.507 | P10: 178972.66 | Q10: 68900.168 | R10: 97862.77 | S10: 59261.368 | T10: -18735.933 | U10: 1592816.4
C11: III TRIM | D11: 176676.76 | E11: 16801.624 | F11: 299463.71 | G11: 19181.876 | H11: 89879.45 | I11: 12558.002 | J11: 169203.12 | K11: 229401.71 | L11: 45556.034 | M11: 80170.617 | N11: 21754.902 | O11: 44932.474 | P11: 200765.46 | Q11: 87500.933 | R11: 112777.54 | S11: 63199.018 | T11: -18308.962 | U11: 1661391.3
C12: IV TRIM | D12: 113492.06 | E12: 28285.416 | F12: 299966.87 | G12: 16188.743 | H12: 108329.52 | I12: 12998.347 | J12: 165558.84 | K12: 251605.54 | L12: 53549.034 | M12: 81115.885 | N12: 24556.64 | O12: 50617.162 | P12: 312287.36 | Q12: 93801.898 | R12: 109746.54 | S12: 75582.27 | T12: -20388.983 | U12: 1840416.5
C13: Total | D13: 952428.53 | E13: 89123.938 | F13: 1358096.9 | G13: 67931.837 | H13: 437606.83 | I13: 61980.151 | J13: 789207.53 | K13: 893128.54 | L13: 178355.3 | M13: 315937.05 | N13: 92978.779 | O13: 161581.29 | P13: 954251.63 | Q13: 317519.66 | R13: 446152.61 | S13: 263895.8 | T13: -85374.781 | U13: 7407191.7
B14: 2004 | C14: I TRIM | D14: 279094.98 | E14: 22631.403 | F14: 343468.79 | G14: 15656.92 | H14: 96006.979 | I14: 14237.876 | J14: 194396.91 | K14: 194487.05 | L14: 19107.014 | M14: 68113.036 | N14: 21777.987 | O14: 33911.205 | P14: 205290.95 | Q14: 78472.667 | R14: 94092.536 | S14: 57441.614 | T14: -81742.836 | U14: 1561623.3
C15: II TRIM | D15: 356903.04 | E15: 19202.378 | F15: 329944.57 | G15: 16431.813 | H15: 104260.85 | I15: 16074.289 | J15: 183321.76 | K15: 214709.96 | L15: 43056.096 | M15: 72915.643 | N15: 22514.553 | O15: 31584.591 | P15: 191839.46 | Q15: 78914.704 | R15: 115030.99 | S15: 65479.848 | T15: -1154.8423 | U15: 1872845
C16: III TRIM | D16: 192980.43 | E16: 17831.825 | F16: 342292.02 | G16: 18049.641 | H16: 110736.18 | I16: 16369.257 | J16: 210433.98 | K16: 232400.22 | L16: 55251.375 | M16: 86438.758 | N16: 22793.444 | O16: 43926.245 | P16: 232150.9 | Q16: 79551.496 | R16: 122707.65 | S16: 56429.131 | T16: -1186.5571 | U16: 1887734.5
C17: IV TRIM | D17: 123450.09 | E17: 29458.332 | F17: 342391.53 | G17: 17793.462 | H17: 126602.82 | I17: 15298.728 | J17: 201054.89 | K17: 251531.31 | L17: 60940.811 | M17: 88469.61 | N17: 25892.795 | O17: 52159.246 | P17: 324970.31 | Q17: 80580.795 | R17: 114321.43 | S17: 84545.204 | T17: -1290.5463 | U17: 2084988.9
C18: Total | D18: 993536.48 | E18: 93522.239 | F18: 1701108.3 | G18: 56672.232 | H18: 472383.81 | I18: 66642.359 | J18: 892236.87 | K18: 985444.8 | L18: 167958.74 | M18: 347568.75 | N18: 74757.387 | O18: 195110.4 | P18: 1074420.8 | Q18: 333259.88 | R18: 476853.61 | S18: 292024.25 | T18: -91477.783 | U18: 8455663.2
B19: 2005 | C19: I TRIM | D19: 290989.9 | E19: 22965.843 | F19: 434975.97 | G19: 13654.908 | H19: 107033.33 | I19: 16228.675 | J19: 227584.98 | K19: 224847.39 | L19: 19371.719 | M19: 74898.892 | N19: 21166.127 | O19: 33944.593 | P19: 240217.74 | Q19: 81307.997 | R19: 104827.21 | S19: 67792.692 | T19: -2288.4876 | U19: 2172002.3
C20: II TRIM | D20: 369019.19 | E20: 19510.867 | F20: 416985.05 | G20: 14973.456 | H20: 112649.09 | I20: 16501.889 | J20: 208658.21 | K20: 241406.89 | L20: 40039.988 | M20: 80458.183 | N20: 18840.223 | O20: 41507.005 | P20: 224915.32 | Q20: 82457.021 | R20: 121459.33 | S20: 68875.287 | T20: -2432.1554 | U20: 2150895.4
C21: III TRIM | D21: 201503.65 | E21: 18649.482 | F21: 428079.65 | G21: 15204.26 | H21: 117695.45 | I21: 16019.355 | J21: 234635.61 | K21: 253915.34 | L21: 50158.344 | M21: 95276.147 | N21: 16534.429 | O21: 53333.354 | P21: 238475.92 | Q21: 84041.556 | R21: 128307.94 | S21: 65696.63 | T21: -2382.1298 | U21: 2140017.6
C22: IV TRIM | D22: 132023.74 | E22: 32396.046 | F22: 421067.67 | G22: 12839.608 | H22: 135005.94 | I22: 17892.44 | J22: 221358.07 | K22: 265275.18 | L22: 58388.692 | M22: 96935.532 | N22: 18216.608 | O22: 66325.45 | P22: 370811.8 | Q22: 85453.305 | R22: 122259.13 | S22: 89659.644 | T22: -84375.011 | U22: 1992747.8
C23: Total | D23: 1126570 | E23: 114368.19 | F23: 1921731 | G23: 72864.228 | H23: 510743.08 | I23: 80540.682 | J23: 992086.79 | K23: 1027321.1 | L23: 212988.14 | M23: 371767.13 | N23: 82767.776 | O23: 228599.76 | P23: 1204399.8 | Q23: 354415.52 | R23: 545240.03 | S23: 310658.84 | T23: -101936.95 | U23: 9456967.4
B24: 2006 | C24: I TRIM | D24: 325826.78 | E24: 27386.508 | F24: 488918 | G24: 17477.84 | H24: 116223.43 | I24: 19118.433 | J24: 249185.81 | K24: 241832.39 | L24: 21361.029 | M24: 81214.974 | N24: 18126.737 | O24: 37136.016 | P24: 247422.29 | Q24: 84600.132 | R24: 125129.91 | S24: 62022.121 | T24: -19622.933 | U24: 2329559.3
C25: II TRIM | D25: 422432.23 | E25: 24263.33 | F25: 465179.31 | G25: 16971.207 | H25: 122217.09 | I25: 19403.975 | J25: 229557.38 | K25: 249714.39 | L25: 49485.663 | M25: 86446.65 | N25: 20050.023 | O25: 40590.493 | P25: 277880.68 | Q25: 85874.896 | R25: 144508.66 | S25: 67189.653 | T25: -20646.574 | U25: 2308646.6
C26: III TRIM | D26: 230446.14 | E26: 23283.688 | F26: 484892.85 | G26: 19513.612 | H26: 127080.95 | I26: 19432.075 | J26: 261484.12 | K26: 260205.74 | L26: 65859.841 | M26: 101538.82 | N26: 20745.231 | O26: 61039.736 | P26: 248724.88 | Q26: 86919.998 | R26: 146555.03 | S26: 77578.538 | T26: -22223.698 | U26: 2319490.8
C27: IV TRIM | D27: 147864.89 | E27: 39434.669 | F27: 482740.83 | G27: 18901.569 | H27: 145221.6 | I27: 22586.2 | J27: 251859.47 | K27: 275568.61 | L27: 76281.603 | M27: 102566.69 | N27: 23845.785 | O27: 89833.516 | P27: 430372 | Q27: 97020.49 | R27: 129046.43 | S27: 103868.52 | T27: -39443.749 | U27: 2499270.6
C28: Total | D28: 1188292.8 | E28: 121804.14 | F28: 2337831.4 | G28: 86786.287 | H28: 529829.98 | I28: 87553.298 | J28: 1164426.3 | K28: 1160342.9 | L28: 234975.52 | M28: 402561.61 | N28: 90649.853 | O28: 241339.61 | P28: 1321874.1 | Q28: 371975.31 | R28: 481034.17 | S28: 353397.71 | T28: -110071.52 | U28: 10686628
B29: 2007 | C29: I TRIM | D29: 351118.4 | E29: 31168.4 | F29: 595896.67 | G29: 19612.769 | H29: 122408.6 | I29: 12680.442 | J29: 291297.79 | K29: 262462.18 | L29: 25860.83 | M29: 85380.098 | N29: 20945.196 | O29: 47125.503 | P29: 290037.44 | Q29: 90627.054 | R29: 117101.96 | S29: 89191.673 | T29: -27987.468 | U29: 2658034.9
C30: II TRIM | D30: 443928.46 | E30: 26238.315 | F30: 568009.76 | G30: 16649.152 | H30: 126458.04 | I30: 25063.449 | J30: 271469.24 | K30: 279038.88 | L30: 56179.475 | M30: 91614.221 | N30: 21393.856 | O30: 51617.035 | P30: 293226.71 | Q30: 91802.363 | R30: 125239.9 | S30: 86699.158 | T30: -14516.278 | U30: 2626302.9
C31: III TRIM | D31: 239488.28 | E31: 24281.358 | F31: 587099.2 | G31: 22248.515 | H31: 130562.23 | I31: 24807.995 | J31: 308756.37 | K31: 298083.9 | L31: 71585.102 | M31: 110059.92 | N31: 21763.257 | O31: 65753.505 | P31: 317818.71 | Q31: 93581.494 | R31: 124606.47 | S31: 90215.897 | T31: -1526.1286 | U31: 2674965.8
C32: IV TRIM | D32: 153757.69 | E32: 40116.064 | F32: 586825.74 | G32: 28275.851 | H32: 150401.11 | I32: 25001.412 | J32: 292902.93 | K32: 320757.89 | L32: 81350.11 | M32: 115507.38 | N32: 26547.544 | O32: 76843.567 | P32: 420791.2 | Q32: 95964.401 | R32: 114085.85 | S32: 87290.982 | T32: -66041.647 | U32: 2727323.9
C33: Total | D33: 1259832.9 | E33: 124485.1 | F33: 2575625.9 | G33: 85153.115 | H33: 550685.7 | I33: 95875.89 | J33: 1272285 | K33: 1358858.5 | L33: 257015.41 | M33: 479041.86 | N33: 125173.8 | O33: 266381.48 | P33: 1410577.1 | Q33: 410615.23 | R33: 507155.44 | S33: 412375.41 | T33: -108442.46 | U33: 11839355
B34: 2008 | C34: I TRIM | D34: 370563.2 | E34: 31443.45 | F34: 658774.4 | G34: 22384.442 | H34: 127391.3 | I34: 25157.044 | J34: 329530.68 | K34: 308997.73 | L34: 27785.61 | M34: 101326.94 | N34: 26673.17 | O34: 43600.991 | P34: 254282.28 | Q34: 96897.581 | R34: 114401.7 | S34: 81032.798 | T34: -21452.415 | U34: 2916170.1
C35: II TRIM | D35: 471928.65 | E35: 26505.043 | F35: 630002.68 | G35: 23601.017 | H35: 131196.69 | I35: 20431.028 | J35: 299456.43 | K35: 329761.21 | L35: 60866.031 | M35: 111156.19 | N35: 29757.058 | O35: 47283.246 | P35: 284806.63 | Q35: 100371.73 | R35: 131732.61 | S35: 106415.17 | T35: -44630.148 | U35: 2789690.6
C36: III TRIM | D36: 254714.57 | E36: 24797.511 | F36: 646225.03 | G36: 23816.482 | H36: 135265.97 | I36: 24922.616 | J36: 333076.94 | K36: 350318.51 | L36: 78329.527 | M36: 132610.72 | N36: 31330.273 | O36: 67425.599 | P36: 349041.75 | Q36: 104452.48 | R36: 136307.02 | S36: 113887.52 | T36: -35820.413 | U36: 2864601.6
C37: IV TRIM | D37: 162626.44 | E37: 41739.093 | F37: 640623.8 | G37: 15351.173 | H37: 156831.74 | I37: 25365.202 | J37: 310220.94 | K37: 369781 | L37: 90034.243 | M37: 133948 | N37: 37413.297 | O37: 108071.64 | P37: 522446.41 | Q37: 108893.43 | R37: 124714.1 | S37: 111039.92 | T37: -6539.4877 | U37: 3268892.9
C38: Total | D38: 1324525.4 | E38: 133287.14 | F38: 2415514.6 | G38: 88824.539 | H38: 603047.39 | I38: 101523.07 | J38: 1347059.1 | K38: 1464867.8 | L38: 290936.1 | M38: 498690.54 | N38: 151147.04 | O38: 280278.09 | P38: 1641413.5 | Q38: 441742.74 | R38: 531373.2 | S38: 412375.41 | T38: -108442.46 | U38: 12075620
B39: 2009 | C39: I TRIM | D39: 387768.19 | E39: 33719.498 | F39: 610575.03 | G39: 17293.647 | H39: 136636.99 | I39: 22546.327 | J39: 344245.38 | K39: 340764.51 | L39: 31133.4 | M39: 109813.55 | N39: 35193.445 | O39: 63299.244 | P39: 335241.75 | Q39: 97128.395 | R39: 120610.12 | S39: 114232.48 | T39: -8102.1084 | U39: 2958010.1
C40: II TRIM | D40: 493108.64 | E40: 28764.992 | F40: 589657.2 | G40: 25973.425 | H40: 143573.16 | I40: 26571.43 | J40: 313159.3 | K40: 356442.86 | L40: 68828.934 | M40: 115481.26 | N40: 37234.371 | O40: 60974.852 | P40: 357499.44 | Q40: 110507.63 | R40: 137123.4 | S40: 91350.109 | T40: -15577.615 | U40: 2974150.6
C41: III TRIM | D41: 268723.76 | E41: 26742.227 | F41: 608868.98 | G41: 23724.984 | H41: 150978.13 | I41: 25738.682 | J41: 352852.9 | K41: 373866.3 | L41: 88930.172 | M41: 135371.65 | N41: 37196.752 | O41: 85823.959 | P41: 367193.89 | Q41: 116010.25 | R41: 142036.64 | S41: 106892.42 | T41: -14821.291 | U41: 3002247.9
C42: IV TRIM | D42: 174924.84 | E42: 44060.422 | F42: 606413.38 | G42: 21832.485 | H42: 171859.11 | I42: 26666.627 | J42: 336801.48 | K42: 393794.09 | L42: 102043.59 | M42: 138024.08 | N42: 41522.468 | O42: 70180.034 | P42: 581478.42 | Q42: 118096.46 | R42: 131603.05 | S42: 99900.403 | T42: -69941.45 | U42: 3141211.5
C43: Total | D43: 1480320.7 | E43: 134915.39 | F43: 2359599.1 | G43: 82472.754 | H43: 658031.79 | I43: 111504.05 | J43: 1516301 | K43: 1589829.9 | L43: 323774.14 | M43: 546469.81 | N43: 161190.14 | O43: 286841.57 | P43: 1675047.7 | Q43: 468289.01 | R43: 589925.17 | S43: 439304.81 | T43: -131654.72 | U43: 12714863
B44: 2010 | C44: I TRIM | D44: 429208.42 | E44: 34043.054 | F44: 618953.64 | G44: 21757.964 | H44: 147830.87 | I44: 28264.061 | J44: 386656.89 | K44: 364306.4 | L44: 35033.87 | M44: 117199.4 | N44: 35575.119 | O44: 53916.544 | P44: 363656.63 | Q44: 112240.75 | R44: 129949.07 | S44: 82672.158 | T44: -1638.051 | U44: 3193635.8
C45: II TRIM | D45: 554444.49 | E45: 28533.828 | F45: 600419.36 | G45: 19788.766 | H45: 156933.27 | I45: 25965.086 | J45: 356406.2 | K45: 383902.14 | L45: 76947.011 | M45: 126250.25 | N45: 36150.609 | O45: 62210.359 | P45: 396818.72 | Q45: 116908.65 | R45: 151420.54 | S45: 99101.936 | T45: -5522.0699 | U45: 3282721.9
C46: III TRIM | D46: 302312.35 | E46: 26783.008 | F46: 594711.12 | G46: 20993.895 | H46: 165762.94 | I46: 27295.989 | J46: 399878.9 | K46: 407088.97 | L46: 98861.393 | M46: 149943.99 | N46: 38249.314 | O46: 73608.727 | P46: 409602.74 | Q46: 119391.96 | R46: 159581.79 | S46: 126983.42 | T46: -3272.7913 | U46: 3255125.6
C47: IV TRIM | D47: 194355.44 | E47: 45555.502 | F47: 545514.94 | G47: 19932.129 | H47: 187504.71 | I47: 29978.918 | J47: 373359.01 | K47: 434532.41 | L47: 112931.87 | M47: 153076.17 | N47: 51215.096 | O47: 97105.936 | P47: 504969.59 | Q47: 119747.65 | R47: 148973.77 | S47: 130547.3 | T47: -121221.81 | U47: 2983379.6
C48: Total | D48: 1582517.7 | E48: 155112.23 | F48: 2239390.6 | G48: 85246.367 | H48: 722337.37 | I48: 115800.2 | J48: 1643656.5 | K48: 1729417 | L48: 342882.8 | M48: 608404.23 | N48: 290743.71 | O48: 293107.52 | P48: 1680731.4 | Q48: 494066 | R48: 645240.56 | S48: 421022.5 | T48: -150953.19 | U48: 13171819
B49: 2011 | C49: I TRIM | D49: 465960.74 | E49: 37566.72 | F49: 560235.21 | G49: 19937.825 | H49: 163319.77 | I49: 31074.207 | J49: 412962.02 | K49: 402661.36 | L49: 38648.996 | M49: 128758.77 | N49: 58178.218 | O49: 63515.775 | P49: 368741.19 | Q49: 117040.63 | R49: 145712.14 | S49: 97256.78 | T49: -2040.6233 | U49: 3254073.5
C50: II TRIM | D50: 591810.79 | E50: 32825.332 | F50: 507017.01 | G50: 24104.985 | H50: 172865.34 | I50: 29580.555 | J50: 377980.85 | K50: 422383.54 | L50: 84040.184 | M50: 138857.12 | N50: 69824.066 | O50: 54345.106 | P50: 352206.36 | Q50: 120051.43 | R50: 167147.65 | S50: 110094.14 | T50: -1956.0763 | U50: 3206726.3
C51: III TRIM | D51: 319766.86 | E51: 31379.494 | F51: 570309.54 | G51: 18352.811 | H51: 181652.62 | I51: 27794.333 | J51: 431801.59 | K51: 441757.31 | L51: 105265.73 | M51: 166773.94 | N51: 75385.069 | O51: 85935.94 | P51: 405617.73 | Q51: 125028.51 | R51: 173320.36 | S51: 107153.22 | T51: -3818.2026 | U51: 3365910.8
C52: IV TRIM | D52: 204979.3 | E52: 53340.682 | F52: 601828.87 | G52: 22850.747 | H52: 204499.63 | I52: 27351.105 | J52: 420912 | K52: 462614.78 | L52: 114927.89 | M52: 174014.39 | N52: 87356.355 | O52: 89310.703 | P52: 554166.13 | Q52: 131945.43 | R52: 159060.4 | S52: 106518.36 | T52: -143138.29 | U52: 3345108
C53: Total | D53: 1677458.2 | E53: 170216.95 | F53: 2429715.1 | G53: 83448.035 | H53: 780178.31 | I53: 127676.25 | J53: 2036772.2 | K53: 1850562.8 | L53: 319727.97 | M53: 673002.28 | N53: 306837.36 | O53: 294323.86 | P53: 1740088.6 | Q53: 595920.68 | R53: 689523.32 | S53: 412327.13 | T53: -162597.73 | U53: 14291834
B54: 2012 | C54: I TRIM | D54: 492751.24 | E54: 42801.738 | F54: 616865.74 | G54: 20731.381 | H54: 175004.65 | I54: 33457.18 | J54: 496015.18 | K54: 439530.46 | L54: 36731.879 | M54: 151037.69 | N54: 74926.32 | O54: 56056.661 | P54: 363695.49 | Q54: 140704.92 | R54: 159515.52 | S54: 92721.728 | T54: -3743.1403 | U54: 3507842.8
C55: II TRIM | D55: 627454.39 | E55: 36490.658 | F55: 591612.34 | G55: 20253.299 | H55: 186363.11 | I55: 32823.036 | J55: 470521.04 | K55: 455335.8 | L55: 76288.432 | M55: 161555.35 | N55: 74293.974 | O55: 64646.127 | P55: 343383.8 | Q55: 147697.12 | R55: 180671.51 | S55: 109602.03 | T55: -3508.4956 | U55: 3634676.9
C56: III TRIM | D56: 339556.24 | E56: 34113.01 | F56: 594051.97 | G56: 21010.156 | H56: 196673.33 | I56: 30993.864 | J56: 544459.3 | K56: 469880.31 | L56: 95781.434 | M56: 184904.89 | N56: 72761.078 | O56: 97165.319 | P56: 445078.08 | Q56: 152472.15 | R56: 183874.07 | S56: 98991.47 | T56: -3281.5977 | U56: 3566414.9
C57: IV TRIM | D57: 217696.29 | E57: 56811.543 | F57: 627185 | G57: 21453.199 | H57: 222137.22 | I57: 30402.166 | J57: 525776.72 | K57: 485816.23 | L57: 110926.23 | M57: 175504.35 | N57: 84855.984 | O57: 76455.758 | P57: 587931.18 | Q57: 155046.49 | R57: 165462.22 | S57: 111011.9 | T57: -152064.49 | U57: 3582899.9
C58: Total | D58: 1757923.5 | E58: 174268.52 | F58: 2409479.4 | G58: 86840.974 | H58: 841477.77 | I58: 159970.55 | J58: 2365680 | K58: 1954391.8 | L58: 378237.18 | M58: 711717.88 | N58: 362191.91 | O58: 284453.67 | P58: 1849292.1 | Q58: 613797.9 | R58: 719723.01 | S58: 487814.68 | T58: -186653.66 | U58: 14989713
B59: 2013 | C59: I TRIM | D59: 525189.95 | E59: 44741.697 | F59: 603402.6 | G59: 20529.969 | H59: 192221.52 | I59: 40197.04 | J59: 603158.62 | K59: 459825.95 | L59: 39759.293 | M59: 181996.51 | N59: 81641.45 | O59: 48968.019 | P59: 419927.3 | Q59: 155405.32 | R59: 162926.89 | S59: 110841.84 | T59: -2795.5904 | U59: 3939099.6
C60: II TRIM | D60: 662909.08 | E60: 37567.915 | F60: 609500.79 | G60: 21104.311 | H60: 204087.92 | I60: 42947.188 | J60: 555830.03 | K60: 476508.23 | L60: 89665.03 | M60: 191190.92 | N60: 88080.064 | O60: 63095.805 | P60: 384285.8 | Q60: 154761.72 | R60: 184897.31 | S60: 113794.75 | T60: -9138.3661 | U60: 3917081.7
C61: III TRIM | D61: 351185.64 | E61: 34702.465 | F61: 612981.44 | G61: 22537.424 | H61: 212000.48 | I61: 35650.865 | J61: 623790.6 | K61: 496699.54 | L61: 116338.35 | M61: 187072.55 | N61: 89751.656 | O61: 88179.746 | P61: 445362.27 | Q61: 153126.63 | R61: 192204.33 | S61: 116714.61 | T61: -132705.89 | U61: 3256109.3
C62: IV TRIM | D62: 218638.81 | E62: 57256.445 | F62: 583594.58 | G62: 22669.271 | H62: 233167.84 | I62: 41175.454 | J62: 582900.74 | K62: 521358.07 | L62: 132474.5 | M62: 151457.91 | N62: 102718.74 | O62: 84210.102 | P62: 599716.73 | Q62: 150504.22 | R62: 179694.48 | S62: 146463.48 | T62: -42013.809 | U62: 3877423
C63: Total | D63: 1854142 | E63: 227697.38 | F63: 2349826.9 | G63: 87423.677 | H63: 791159.4 | I63: 165726.21 | J63: 2398607.3 | K63: 2431576.8 | L63: 381755.78 | M63: 799491.99 | N63: 393992.36 | O63: 252614.21 | P63: 2005283.2 | Q63: 592192.05 | R63: 827872.99 | S63: 524392.95 | T63: -194411.35 | U63: 15687593
B64: 2014 | C64: I TRIM | D64: 555168.45 | E64: 61722.332 | F64: 544581.52 | G64: 19509.065 | H64: 167611.03 | I64: 45199.762 | J64: 610975.1 | K64: 539312.9 | L64: 62412.403 | M64: 205530.4 | N64: 93885.839 | O64: 47994.574 | P64: 460221.77 | Q64: 151881.28 | R64: 202861.85 | S64: 126460.39 | T64: -67005.568 | U64: 3608677.5
C65: II TRIM | D65: 704261.5 | E65: 46459.749 | F65: 568296.69 | G65: 22032.629 | H65: 176784.69 | I65: 38080.074 | J65: 433997.31 | K65: 569716.4 | L65: 144337.26 | M65: 218456.03 | N65: 93804.746 | O65: 55044.04 | P65: 420602.12 | Q65: 148723.87 | R65: 211261.56 | S65: 154831.31 | T65: -70239.411 | U65: 3724029.2
C66: III TRIM | D66: 371758.46 | E66: 45620.902 | F66: 614864.46 | G66: 24094.655 | H66: 192251.47 | I66: 37750.71 | J66: 682808.63 | K66: 626136.6 | L66: 83752.034 | M66: 206682.21 | N66: 99898.551 | O66: 54569.268 | P66: 486610.43 | Q66: 146455.84 | R66: 212420.14 | S66: 149773.36 | T66: -35472.484 | U66: 3990775.5
C67: IV TRIM | D67: 222953.55 | E67: 73894.399 | F67: 622084.22 | G67: 21787.328 | H67: 254512.22 | I67: 44695.666 | J67: 670826.31 | K67: 696410.92 | L67: 91254.082 | M67: 168823.34 | N67: 106403.22 | O67: 95006.327 | P67: 637848.9 | Q67: 145131.06 | R67: 201329.43 | S67: 93327.894 | T67: -21693.889 | U67: 4364111
C68: Total | D68: 1899851.5 | E68: 260024.37 | F68: 2607992.9 | G68: 93147.279 | H68: 828384.93 | I68: 182525.88 | J68: 2120053.4 | K68: 2350525.5 | L68: 384531.34 | M68: 863166.94 | N68: 393009.41 | O68: 295802.27 | P68: 1933012.1 | Q68: 594799.63 | R68: 753830.5 | S68: 471057.31 | T68: -224397.89 | U68: 15807317
B69: 2015 | C69: I TRIM | D69: 561872.28 | E69: 74663.876 | F69: 632239.21 | G69: 20558.201 | H69: 209495.89 | I69: 47878.884 | J69: 464280.75 | K69: 574372.26 | L69: 67345.796 | M69: 217940.46 | N69: 90630.446 | O69: 70296.03 | P69: 474336.61 | Q69: 149195.85 | R69: 208828.74 | S69: 116210.96 | T69: -107128.77 | U69: 3871688.9
C70: II TRIM | D70: 719916.81 | E70: 47381.977 | F70: 653236.09 | G70: 23326.825 | H70: 195512.85 | I70: 44317.48 | J70: 421826.21 | K70: 569387.4 | L70: 155469.13 | M70: 228094.4 | N70: 94980.194 | O70: 71289.413 | P70: 434922.31 | Q70: 148737.07 | R70: 185944.26 | S70: 90112.299 | T70: -17622.192 | U70: 4066797.4
C71: III TRIM | D71: 377251.51 | E71: 56313.532 | F71: 664810.04 | G71: 24103.208 | H71: 189917.53 | I71: 42198.75 | J71: 653133.29 | K71: 583967 | L71: 81127.773 | M71: 246911.56 | N71: 98992.066 | O71: 77887.838 | P71: 446662.51 | Q71: 148439.72 | R71: 179337.28 | S71: 93713.367 | T71: -7351.3722 | U71: 3958090.9
C72: IV TRIM | D72: 240810.88 | E72: 81664.988 | F72: 657707.59 | G72: 25159.045 | H72: 233458.66 | I72: 48130.762 | J72: 580813.13 | K72: 622798.83 | L72: 80588.641 | M72: 170220.52 | N72: 108406.71 | O72: 76328.984 | P72: 577090.65 | Q72: 148427 | R72: 179720.22 | S72: 171020.68 | T72: -92295.56 | U72: 3910740.1
C73: Total | D73: 1933402.7 | E73: 279406.68 | F73: 2541598.7 | G73: 93173.36 | H73: 870309.88 | I73: 199331.82 | J73: 2174024.2 | K73: 2226685.4 | L73: 387777.97 | M73: 894527.68 | N73: 373147 | O73: 301438.26 | P73: 1631022.7 | Q73: 612643.62 | R73: 832350.84 | S73: 478492.43 | T73: -58859.09 | U73: 15770474
B74: 2016 | C74: I TRIM | D74: 573242.76 | E74: 56607.615 | F74: 661157.75 | G74: 22841.296 | H74: 215037.45 | I74: 51754.958 | J74: 557258.66 | K74: 593061.05 | L74: 71461.814 | M74: 224594.11 | N74: 92856.765 | O74: 72693.926 | P74: 417225.04 | Q74: 152793.56 | R74: 213150.55 | S74: 103634.98 | T74: -5367.757 | U74: 4074125.7
C75: II TRIM | D75: 744899.52 | E75: 49714.925 | F75: 645097.92 | G75: 21147.004 | H75: 201608.04 | I75: 48660.095 | J75: 466169.14 | K75: 552254.41 | L75: 135784.42 | M75: 230359.97 | N75: 92710.715 | O75: 72502.037 | P75: 349505.9 | Q75: 152977.07 | R75: 198032.69 | S75: 112443.76 | T75: -19461.667 | U75: 4054254
C76: III TRIM | D76: 393933.59 | E76: 72012.056 | F76: 641846.57 | G76: 25461.12 | H76: 206801.53 | I76: 46178.802 | J76: 538358.27 | K76: 546035.03 | L76: 84213.592 | M76: 268008.79 | N76: 92999.725 | O76: 75028.376 | P76: 393089.22 | Q76: 153204.8 | R76: 201258.47 | S76: 118010.82 | T76: -16614.463 | U76: 3839677.4
C77: IV TRIM | D77: 221326.84 | E77: 101072.09 | F77: 593496.44 | G77: 23723.94 | H77: 246862.85 | I77: 52737.963 | J77: 612238.14 | K77: 535334.87 | L77: 96318.146 | M77: 171564.81 | N77: 94579.793 | O77: 81213.923 | P77: 471202.57 | Q77: 153668.19 | R77: 219909.12 | S77: 144402.87 | T77: -17415.203 | U77: 3802417 | W77: =+D78/D73-1 -> 0.00064576318
C78: Total | D78: 1934651.2 | E78: 276358.22 | F78: 2323155.5 | G78: 92446.941 | H78: 884416.57 | I78: 195968.94 | J78: 2228499.4 | K78: 2229673.7 | L78: 384688.36 | M78: 917684.71 | N78: 376378.6 | O78: 269223.23 | P78: 1635492.8 | Q78: 631055.94 | R78: 912269.55 | S78: 476310.46 | T78: -35898.964 | U78: 15744502 | W78: =+D78/D73*100-100 -> 0.064576318
B79: 2017 | C79: I TRIM | D79: 557008.26 | E79: 63330.394 | F79: 580987.18 | G79: 23150.739 | H79: 226416.41 | I79: 51265.697 | J79: 456666.02 | K79: 556716.28 | L79: 67244.357 | M79: 224515.67 | N79: 93609.537 | O79: 64396.269 | P79: 381710.88 | Q79: 158125.33 | R79: 241181.75 | S79: 116964.97 | T79: -2878.1972 | U79: 3871842.9
C80: II TRIM | D80: 750337.64 | E80: 59839.588 | F80: 579221.18 | G80: 23487.877 | H80: 200925.45 | I80: 45523.289 | J80: 415291.63 | K80: 563097.39 | L80: 145281.38 | M80: 233257.34 | N80: 92763.791 | O80: 65805.002 | P80: 344074.43 | Q80: 158221.21 | R80: 222465.54 | S80: 136222.08 | T80: -12749.409 | U80: 4019185.4
C81: III TRIM | D81: 398368.65 | E81: 71682.449 | F81: 596132.28 | G81: 20273.974 | H81: 209350.66 | I81: 47112.609 | J81: 677821.31 | K81: 558096.08 | L81: 82956.423 | M81: 284230.24 | N81: 95453.307 | O81: 70799.662 | P81: 409961.25 | Q81: 157747.01 | R81: 221360.13 | S81: 117071.11 | T81: -13907.089 | U81: 4003230.2
C82: IV TRIM | D82: 228936.67 | E82: 81505.786 | F82: 566814.84 | G82: 25534.351 | H82: 247724.04 | I82: 52067.345 | J82: 678720.39 | K82: 551763.97 | L82: 89206.201 | M82: 175681.46 | N82: 94551.967 | O82: 68222.295 | P82: 499746.25 | Q82: 156962.39 | R82: 227262.13 | S82: 106052.3 | T82: -6364.2684 | U82: 3850243.4
C83: Total | D83: 1929492.7 | E83: 265969.84 | F83: 2109669 | G83: 89593.121 | H83: 895010.1 | I83: 201981.87 | J83: 2228381.2 | K83: 2222969 | L83: 384841.87 | M83: 916321.78 | N83: 376315.63 | O83: 346316.99 | P83: 1669591.1 | Q83: 633210.1 | R83: 916280.26 | S83: 502038.49 | T83: -25738.549 | U83: 15664725
B84: 2018 | C84: I TRIM | D84: 567483.31 | E84: 64347.389 | F84: 541517.94 | G84: 22435.245 | H84: 229250.11 | I84: 53886.202 | J84: 331952.03 | K84: 563067.4 | L84: 68506.61 | M84: 230934.46 | N84: 92686.88 | O84: 75983.376 | P84: 407611.44 | Q84: 159155.94 | R84: 248229.35 | S84: 126578.36 | T84: -0.58635468 | U84: 3815803.3
C85: II TRIM | D85: 736258.61 | E85: 64145.445 | F85: 535391.27 | G85: 22824.75 | H85: 195625.13 | I85: 50966.753 | J85: 381870.81 | K85: 540220.32 | L85: 145105.55 | M85: 240183.1 | N85: 96515.971 | O85: 75816.394 | P85: 332308.03 | Q85: 158343.27 | R85: 208602.74 | S85: 123024.52 | T85: -4934.5195 | U85: 3916169.5
C86: III TRIM | D86: 392034.82 | E86: 60803.208 | F86: 523398.41 | G86: 17625.777 | H86: 205907.12 | I86: 45097.989 | J86: 680883.44 | K86: 544203.63 | L86: 82595.996 | M86: 272362.76 | N86: 103107.97 | O86: 80805.985 | P86: 430487.32 | Q86: 157813.33 | R86: 228733.61 | S86: 122562.23 | T86: -2494.2897 | U86: 3925139.3
C87: IV TRIM | D87: 233715.95 | E87: 76673.796 | F87: 509361.38 | G87: 26707.349 | H87: 264227.74 | I87: 52030.922 | J87: 833674.94 | K87: 575477.69 | L87: 88633.712 | M87: 172841.46 | N87: 84004.813 | O87: 113711.24 | P87: 499184.29 | Q87: 157897.55 | R87: 230714.57 | S87: 129873.37 | T87: -18309.153 | U87: 4007612.7
C88: Total | D88: 1955627.5 | E88: 226637.45 | F88: 1957855.2 | G88: 93691.212 | H88: 869863.34 | I88: 211075.74 | J88: 2328507.7 | K88: 2264707.5 | L88: 386820.58 | M88: 980416.2 | N88: 369869.9 | O88: 320945.45 | P88: 1709888.4 | Q88: 649029.11 | R88: 967419.51 | S88: 362906.33 | T88: -15959.723 | U88: 15499425
B89: 2019 | C89: I TRIM | D89: 575447.51 | E89: 68456.794 | F89: 500757.83 | G89: 23253.3 | H89: 207549.46 | I89: 54505.233 | J89: 537640.32 | K89: 571120.09 | L89: 69148.077 | M89: 230010.2 | N89: 93510.127 | O89: 71243.432 | P89: 415804.14 | Q89: 161449.17 | R89: 232617.92 | S89: 76405.949 | T89: -0.48298385 | U89: 3892206.5
C90: II TRIM | D90: 749317.4 | E90: 50689.14 | F90: 500372.98 | G90: 22444.957 | H90: 199508.09 | I90: 51379.789 | J90: 330485.07 | K90: 558500.55 | L90: 142430.37 | M90: 233799.93 | N90: 93987.15 | O90: 63465.98 | P90: 336962.36 | Q90: 162070.49 | R90: 234533.85 | S90: 74104.107 | T90: -7418.9852 | U90: 3824649.2
C91: III TRIM | D91: 399489.76 | E91: 44855.204 | F91: 482147.94 | G91: 25295.411 | H91: 199168.85 | I91: 47614.398 | J91: 694743.6 | K91: 561661.96 | L91: 83531.52 | M91: 272559.45 | N91: 100615.59 | O91: 57356.571 | P91: 456418.25 | Q91: 162467 | R91: 245591.4 | S91: 77453.228 | T91: -7547.0766 | U91: 3822863.8
C92: IV TRIM | D92: 231372.82 | E92: 62636.312 | F92: 474576.49 | G92: 22697.543 | H92: 263636.93 | I92: 57576.324 | J92: 765638.74 | K92: 573424.88 | L92: 91710.611 | M92: 244046.62 | N92: 81757.036 | O92: 128879.47 | P92: 500703.61 | Q92: 163042.45 | R92: 254676.35 | S92: 134943.05 | T92: -993.17787 | U92: 3959706
C93: Total | D93: 2062742.7 | E93: 212863.36 | F93: 1826093 | G93: 83376.865 | H93: 911883.7 | I93: 217228.54 | J93: 1728347 | K93: 2343461.8 | L93: 386611.49 | M93: 600823.07 | N93: 333691.99 | O93: 305166.27 | P93: 1623343.7 | Q93: 618585.1 | R93: 994845.19 | S93: 562178.83 | T93: -215334.71 | U93: 14682065
B94: 2020 | C94: I TRIM | D94: 612894.11 | E94: 66855.282 | F94: 494620.8 | G94: 21909.501 | H94: 224724.21 | I94: 57603.895 | J94: 436047.22 | K94: 585542.05 | L94: 68527.661 | M94: 225711.27 | N94: 83437.503 | O94: 122407.97 | P94: 415748.92 | Q94: 166220.79 | R94: 284191.02 | S94: 136492.48 | T94: -73611.135 | U94: 3934764.4
C95: II TRIM | D95: 753142.57 | E95: 40984.381 | F95: 455100.77 | G95: 18684.398 | H95: 188785.57 | I95: 54341.474 | J95: 239049.63 | K95: 487615.04 | L95: 144722.64 | M95: 49064.189 | N95: 84095.778 | O95: 79414.567 | P95: 312834.22 | Q95: 133563.67 | R95: 195260.32 | S95: 129698.1 | T95: -28803.973 | U95: 3423389.7
C96: III TRIM | D96: 422839.73 | E96: 37937.361 | F96: 454560.76 | G96: 19111.786 | H96: 214368.07 | I96: 49143.005 | J96: 489633.49 | K96: 579910.59 | L96: 83268.636 | M96: 87411.161 | N96: 87203.5 | O96: 54241.898 | P96: 431908.05 | Q96: 150682.64 | R96: 259583.77 | S96: 145696.93 | T96: -51937.889 | U96: 3558678.4
C97: IV TRIM | D97: 273866.31 | E97: 67086.333 | F97: 421810.69 | G97: 23671.18 | H97: 284005.84 | I97: 56140.168 | J97: 563616.7 | K97: 690394.09 | L97: 90092.557 | M97: 238636.45 | N97: 78955.207 | O97: 49101.835 | P97: 462852.45 | Q97: 168118 | R97: 255810.08 | S97: 150291.32 | T97: -60981.715 | U97: 3765232.1
C98: Total | D98: 2168767.7 | E98: 311674.53 | F98: 1616993.9 | G98: 92073.072 | H98: 967075.26 | I98: 221116.93 | J98: 1612720.6 | K98: 2671312.1 | L98: 300358.47 | M98: 774400.85 | N98: 338196.83 | O98: 256461.74 | P98: 1662628.6 | Q98: 637142.65 | R98: 1073022.1 | S98: 517084.73 | T98: -354257.57 | U98: 14842185
B99: 2021 | C99: I TRIM | D99: 546551.08 | E99: 89521.598 | F99: 399743.52 | G99: 27880.218 | H99: 226807.09 | I99: 58096.94 | J99: 317262.38 | K99: 572713.1 | L99: 68904.026 | M99: 214049.66 | N99: 80465.426 | O99: 59126.046 | P99: 432140.93 | Q99: 171001.14 | R99: 271758.2 | S99: 129374.97 | T99: -74003.38 | U99: 3610832.6
C100: II TRIM | D100: 834227.35 | E100: 69100.82 | F100: 399221.81 | G100: 16858.98 | H100: 200277.83 | I100: 55535.437 | J100: 164070.39 | K100: 537682.64 | L100: 129390.55 | M100: 78980.906 | N100: 89598.876 | O100: 65573.455 | P100: 326622.72 | Q100: 137541.15 | R100: 267750.87 | S100: 130435.42 | T100: -85989.384 | U100: 3506612.1
...

Sheet Q6
C1: Quadro 6 - PIB_Trimestral_Medidas de Volume Encadeadas (Não Ajustada) - Variação Homóloga %
B2: Período | D2: Agro-Pecuária e Silvicultura | E2: Pesca e Aquicultura | F2: Extracção e Refino de Petróleo | G2: Extracção de Diamantes, Minerais Metálicos e de Outros Minerais não Metálicos | H2: Produtos da Indústria Transformadora | I2: Produção de Electricidade, Água e Saneamento | J2: Construção | K2: Comércio e Raparação de Veiculos | L2: Serviço de Alojamento e Restauração | M2: Transportes e Armazenagem | N2: Actividades de informação e de comunicação | O2: Intermediação Financeira e de Seguros | P2: Administração Pública, Defesa e Segurança Social Obrigatória | Q2: Serviços Imobiliários e Aluguer | R2: Outros Serviços | S2: Imposto sobre os produtos | T2: Subsídios (-) | U2: PRODUCTO INTERNO BRUTO
B3: 2002 | C3: I TRIM | D3: 0 | E3: 0 | F3: 0 | G3: 0 | H3: 0 | I3: 0 | J3: 0 | K3: 0 | L3: 0 | M3: 0 | N3: 0 | O3: 0 | P3: 0 | Q3: 0 | R3: 0 | S3: 0 | T3: 0 | U3: 0
C4: II TRIM | D4: 0 | E4: 0 | F4: 0 | G4: 0 | H4: 0 | I4: 0 | J4: 0 | K4: 0 | L4: 0 | M4: 0 | N4: 0 | O4: 0 | P4: 0 | Q4: 0 | R4: 0 | S4: 0 | T4: 0 | U4: 0
C5: III TRIM | D5: 0 | E5: 0 | F5: 0 | G5: 0 | H5: 0 | I5: 0 | J5: 0 | K5: 0 | L5: 0 | M5: 0 | N5: 0 | O5: 0 | P5: 0 | Q5: 0 | R5: 0 | S5: 0 | T5: 0 | U5: 0
C6: IV TRIM | D6: 0 | E6: 0 | F6: 0 | G6: 0 | H6: 0 | I6: 0 | J6: 0 | K6: 0 | L6: 0 | M6: 0 | N6: 0 | O6: 0 | P6: 0 | Q6: 0 | R6: 0 | S6: 0 | T6: 0 | U6: 0
C7: Total | D7: 8.3983943 | E7: 7.5785257 | F7: -3.8749525 | G7: 19.806285 | H7: 6.2291453 | I7: 12.035863 | J7: 16.418558 | K7: 6.304902 | L7: 12.583602 | M7: 0.90967307 | N7: 4.7738001 | O7: 6.0331707 | P7: 7.587445 | Q7: 3.0573831 | R7: 2.4987108 | S7: 13.91184 | T7: -6.5346418 | U7: 3.4873124
B8: 2003 | C8: I TRIM | D8: 6.5204189 | E8: 5.6267199 | F8: -4.0007568 | G8: -0.97287037 | H8: 3.6917824 | I8: 24.155809 | J8: 10.776402 | K8: 9.0964366 | L8: 6.258746 | M8: -0.21814973 | N8: 4.2170337 | O8: -2.8738668 | P8: 9.7462857 | Q8: -4.9930385 | R8: 3.2500495 | S8: 21.151609 | T8: 18.212087 | U8: 0.81915072
C9: II TRIM | D9: 8.497138 | E9: 7.2680412 | F9: -4.1256314 | G9: 30.18834 | H9: 5.655519 | I9: 15.980407 | J9: 14.750856 | K9: 13.338936 | L9: 9.3670025 | M9: 0.14520126 | N9: 5.2228447 | O9: 7.6165521 | P9: 10.591831 | Q9: 3.0113282 | R9: 5.9606042 | S9: 18.782724 | T9: 2.8412704 | U9: 4.4533142
C10: III TRIM | D10: 9.5532275 | E10: 8.305332 | F10: -4.0190518 | G10: 32.556759 | H10: 7.1547454 | I10: -1.6364102 | J10: 18.413865 | K10: 7.6700992 | L10: 12.801608 | M10: 0.99356017 | N10: 5.3371671 | O10: 10.63108 | P10: 8.8059741 | Q10: 10.521868 | R10: 3.5266133 | S10: 14.198503 | T10: -12.018953 | U10: 5.2157831
C11: IV TRIM | D11: 10.641602 | E11: 8.8257681 | F11: -3.3574444 | G11: 16.901692 | H11: 7.9099221 | I11: 10.885263 | J11: 21.721072 | K11: -1.2814644 | L11: 16.67348 | M11: 2.41775 | N11: 4.3655842 | O11: 6.3874508 | P11: 4.0683259 | Q11: 2.2197776 | R11: -1.8483125 | S11: 5.6824915 | T11: -23.604464 | U11: 3.4359468
C12: Total | D12: 9.6942047 | E12: 6.385705 | F12: 13.755586 | G12: 7.4830692 | H12: 19.858222 | I12: 14.105669 | J12: 23.939903 | K12: 6.2160717 | L12: 19.089566 | M12: 7.0505504 | N12: 3.5795998 | O12: 3.3612219 | P12: 10.013681 | Q12: 2.2569443 | R12: 12.929762 | S12: 4.2198252 | T12: 11.618173 | U12: 11.419863
B13: 2004 | C13: I TRIM | D13: 10.341789 | E13: 8.5356622 | F13: 12.669737 | G13: 23.798799 | H13: 17.366019 | I13: 0.38198352 | J13: 24.70361 | K13: 20.103763 | L13: 21.082783 | M13: 4.4396165 | N13: 1.7222347 | O13: 23.158281 | P13: 17.062861 | Q13: 30.118559 | R13: 25.987485 | S13: 4.1210843 | T13: 328.99789 | U13: 0.53098981
C14: II TRIM | D14: 9.7649047 | E14: 7.662406 | F14: 13.932515 | G14: 8.2131609 | H14: 22.525169 | I14: 10.262818 | J14: 25.462153 | K14: 8.4830402 | L14: 23.438923 | M14: 6.2527454 | N14: 2.1312675 | O14: -4.9873377 | P14: 7.1892584 | Q14: 14.534849 | R14: 17.543159 | S14: 10.493313 | T14: -93.836217 | U14: 17.58072
C15: III TRIM | D15: 9.2279677 | E15: 6.1315547 | F15: 14.30167 | G15: -5.9026268 | H15: 23.205225 | I15: 30.349221 | J15: 24.367669 | K15: 1.3071019 | L15: 21.282232 | M15: 7.8185024 | N15: 4.7738276 | O15: -2.2394246 | P15: 15.632889 | Q15: -9.0849736 | R15: 8.8050452 | S15: -10.712012 | T15: -93.519255 | U15: 13.623714
C16: IV TRIM | D16: 8.7742015 | E16: 4.1467149 | F16: 14.143116 | G16: 9.9125592 | H16: 16.868263 | I16: 17.697491 | J16: 21.440139 | K16: -0.029505734 | L16: 13.803754 | M16: 9.0657027 | N16: 5.4411169 | O16: 3.0465623 | P16: 4.0613093 | Q16: -14.094708 | R16: 4.1685928 | S16: 11.858513 | T16: -93.670374 | U16: 13.288968
C17: Total | D17: 4.3161188 | E17: 4.935039 | F17: 25.256772 | G17: -16.574856 | H17: 7.9470849 | I17: 7.522098 | J17: 13.054784 | K17: 10.336279 | L17: -5.8291252 | M17: 10.012028 | N17: -19.597366 | O17: 20.750618 | P17: 12.593025 | Q17: 4.9572416 | R17: 6.881277 | S17: 10.658925 | T17: 7.1484834 | U17: 14.154778
B18: 2005 | C18: I TRIM | D18: 4.261961 | E18: 1.4777715 | F18: 26.642065 | G18: -12.786754 | H18: 11.484948 | I18: 13.982414 | J18: 17.072326 | K18: 15.610473 | L18: 1.3853811 | M18: 9.9626395 | N18: -2.8095356 | O18: 0.098458517 | P18: 17.013309 | Q18: 3.6131434 | R18: 11.408631 | S18: 18.020173 | T18: -97.200381 | U18: 39.086188
C19: II TRIM | D19: 3.3948014 | E19: 1.6065138 | F19: 26.380336 | G19: -8.8752073 | H19: 8.0454404 | I19: 2.6601443 | J19: 13.820758 | K19: 12.433948 | L19: -7.0050667 | M19: 10.3442 | N19: -16.319801 | O19: 31.415361 | P19: 17.241423 | Q19: 4.4887921 | R19: 5.5883492 | S19: 5.1854708 | T19: 110.60499 | U19: 14.846421
C20: III TRIM | D20: 4.4166254 | E20: 4.5853814 | F20: 25.062703 | G20: -15.764198 | H20: 6.2845516 | I20: -2.1375558 | J20: 11.50082 | K20: 9.2577851 | L20: -9.217927 | M20: 10.223872 | N20: -27.459715 | O20: 21.415691 | P20: 2.7245305 | Q20: 5.6442173 | R20: 4.5639263 | S20: 16.423252 | T20: 100.75981 | U20: 13.364332
C21: IV TRIM | D21: 6.9450388 | E21: 9.9724405 | F21: 22.978415 | G21: -27.840865 | H21: 6.6373862 | I21: 16.953772 | J21: 10.098325 | K21: 5.4640814 | L21: -4.187865 | M21: 9.5693005 | N21: -29.646034 | O21: 27.159528 | P21: 14.106362 | Q21: 6.046739 | R21: 6.9433232 | S21: 6.0493557 | T21: 6437.9297 | U21: -4.4240556
C22: Total | D22: 13.389902 | E22: 22.289837 | F22: 12.969347 | G22: 28.571304 | H22: 8.1203608 | I22: 20.855089 | J22: 11.190965 | K22: 4.2494851 | L22: 26.809794 | M22: 6.9621843 | N22: 10.71518 | O22: 17.164313 | P22: 12.097595 | Q22: 6.3480899 | R22: 14.341178 | S22: 6.3811765 | T22: 11.433564 | U22: 11.841818
B23: 2006 | C23: I TRIM | D23: 11.971853 | E23: 19.248867 | F23: 12.401153 | G23: 27.996762 | H23: 8.5862069 | I23: 17.806495 | J23: 9.4913258 | K23: 7.5540088 | L23: 10.269146 | M23: 8.4328106 | N23: -14.359689 | O23: 9.4018594 | P23: 2.9991751 | Q23: 4.0489677 | R23: 19.367785 | S23: -8.5120848 | T23: 757.46295 | U23: 7.2539986
C24: II TRIM | D24: 14.474328 | E24: 24.358029 | F24: 11.557789 | G24: 13.341952 | H24: 8.4936362 | I24: 17.586385 | J24: 10.015983 | K24: 3.4412859 | L24: 23.590604 | M24: 7.4429559 | N24: 6.4213676 | O24: -2.2080882 | P24: 23.549026 | Q24: 4.1450385 | R24: 18.976995 | S24: -2.447371 | T24: 748.90027 | U24: 7.3342102
C25: III TRIM | D25: 14.363257 | E25: 24.848976 | F25: 13.271641 | G25: 28.343056 | H25: 7.9743957 | I25: 21.303724 | J25: 11.442639 | K25: 2.4773644 | L25: 31.303859 | M25: 6.5731818 | N25: 25.466874 | O25: 14.449461 | P25: 4.2976897 | Q25: 3.4250229 | R25: 14.221325 | S25: 18.086024 | T25: 832.934 | U25: 8.386529
C26: IV TRIM | D26: 11.99871 | E26: 21.726794 | F26: 14.646852 | G26: 47.212969 | H26: 7.5668241 | I26: 26.233203 | J26: 13.779217 | K26: 3.8802833 | L26: 30.644479 | M26: 5.8091743 | N26: 30.901343 | O26: 35.443507 | P26: 16.06211 | Q26: 13.536263 | R26: 5.5515667 | S26: 15.847576 | T26: -53.251859 | U26: 25.41831
C27: Total | D27: 5.4788236 | E27: 6.5017581 | F27: 21.652374 | G27: 19.10685 | H27: 3.7370839 | I27: 8.7069236 | J27: 17.371417 | K27: 12.948407 | L27: 10.323289 | M27: 8.283272 | N27: 9.523123 | O27: 5.5729927 | P27: 9.7537553 | Q27: 4.9545791 | R27: -11.775705 | S27: 13.757495 | T27: 7.98 | U27: 13.002689
B28: 2007 | C28: I TRIM | D28: 7.762288 | E28: 13.809326 | F28: 21.880697 | G28: 12.21506 | H28: 5.3217917 | I28: -33.674261 | J28: 16.899827 | K28: 8.5306164 | L28: 21.065469 | M28: 5.1285174 | N28: 15.548631 | O28: 26.899726 | P28: 17.223651 | Q28: 7.1240103 | R28: -6.4156962 | S28: 43.806228 | T28: 42.626327 | U28: 14.100331
C29: II TRIM | D29: 5.0886807 | E29: 8.1397944 | F29: 22.105552 | G29: -1.8976551 | H29: 3.470009 | I29: 29.166573 | J29: 18.25768 | K29: 11.743211 | L29: 13.526771 | M29: 5.9777577 | N29: 6.7024015 | O29: 27.16533 | P29: 5.5225232 | Q29: 6.9024447 | R29: -13.333982 | S29: 29.036473 | T29: -29.691588 | U29: 13.759416
C30: III TRIM | D30: 3.9237561 | E30: 4.2848477 | F30: 21.078131 | G30: 14.015359 | H30: 2.7394198 | I30: 27.665191 | J30: 18.078442 | K30: 14.557004 | L30: 8.6930979 | M30: 8.3919595 | N30: 4.9072768 | O30: 7.7224591 | P30: 27.779221 | Q30: 7.6639398 | R30: -14.976329 | S30: 16.289761 | T30: -93.132877 | U30: 15.325558
C31: IV TRIM | D31: 3.9852598 | E31: 1.7279097 | F31: 21.56124 | G31: 49.595259 | H31: 3.5666206 | I31: 10.693307 | J31: 16.296173 | K31: 16.39856 | L31: 6.6444678 | M31: 12.616856 | N31: 11.330132 | O31: -14.460025 | P31: -2.2261663 | Q31: -1.0885211 | R31: -11.593174 | S31: -15.960121 | T31: 67.432483 | U31: 9.1247923
C32: Total | D32: 6.0204047 | E32: 2.2010416 | F32: 10.171587 | G32: -1.8818319 | H32: 3.9363036 | I32: 9.5057443 | J32: 9.262816 | K32: 17.108357 | L32: 9.3796559 | M32: 18.998394 | N32: 38.084943 | O32: 10.376195 | P32: 6.7103981 | Q32: 10.387765 | R32: 5.4302308 | S32: 16.688761 | T32: -1.48 | U32: 10.786636
B33: 2008 | C33: I TRIM | D33: 5.5379615 | E33: 0.88246498 | F33: 10.551784 | G33: 14.131983 | H33: 4.0705443 | I33: 98.392484 | J33: 13.125021 | K33: 17.730384 | L33: 7.4428368 | M33: 18.677466 | N33: 27.347435 | O33: -7.478989 | P33: -12.327773 | Q33: 6.9190457 | R33: -2.3059048 | S33: -9.1475743 | T33: -23.349926 | U33: 9.7115038
C34: II TRIM | D34: 6.3073649 | E34: 1.0165577 | F34: 10.914059 | G34: 41.75507 | H34: 3.7472121 | I34: -18.482777 | J34: 10.309525 | K34: 18.177516 | L34: 8.3421143 | M34: 21.33072 | N34: 39.091607 | O34: -8.3960448 | P34: -2.8715252 | Q34: 9.334584 | R34: 5.1842232 | S34: 22.740718 | T34: 207.44897 | U34: 6.2212027
C35: III TRIM | D35: 6.3578437 | E35: 2.1257145 | F35: 10.070843 | G35: 7.047514 | H35: 3.6026815 | I35: 0.46203367 | J35: 7.8769444 | K35: 17.523458 | L35: 9.4215493 | M35: 20.489573 | N35: 43.959486 | O35: 2.5429733 | P35: 9.8241662 | Q35: 11.616603 | R35: 9.3900093 | S35: 26.238866 | T35: 2247.1425 | U35: 7.0892803
C36: IV TRIM | D36: 5.7680087 | E36: 4.0458344 | F36: 9.1676382 | G36: -45.709243 | H36: 4.2756518 | I36: 1.4550805 | J36: 5.9125439 | K36: 15.283522 | L36: 10.675012 | M36: 15.964889 | N36: 40.929411 | O36: 40.638502 | P36: 24.158112 | Q36: 13.47274 | R36: 9.3160113 | S36: 27.206632 | T36: -90.097934 | U36: 19.857157
C37: Total | D37: 5.1350108 | E37: 7.0707605 | F37: -6.2164049 | G37: 4.3115567 | H37: 9.5084537 | I37: 5.89009 | J37: 5.8771482 | K37: 7.8013503 | L37: 13.197919 | M37: 4.101664 | N37: 20.74974 | O37: 5.2168078 | P37: 16.364681 | Q37: 7.5806983 | R37: 4.7752144 | S37: -1.4210855e-14 | T37: 2.8421709e-14 | U37: 1.9955891
B38: 2009 | C38: I TRIM | D38: 4.6429293 | E38: 7.2385447 | F38: -7.3165217 | G38: -22.742561 | H38: 7.257712 | I38: -10.377678 | J38: 4.4653492 | K38: 10.280587 | L38: 12.048648 | M38: 8.3754759 | N38: 31.943243 | O38: 45.178451 | P38: 31.838421 | Q38: 0.23820384 | R38: 5.426857 | S38: 40.970673 | T38: -62.232185 | U38: 1.4347597
C39: II TRIM | D39: 4.4879648 | E39: 8.5264893 | F39: -6.4040176 | G39: 10.052141 | H39: 9.4335239 | I39: 30.0543 | J39: 4.5759171 | K39: 8.0912021 | L39: 13.082672 | M39: 3.8909841 | N39: 25.127863 | O39: 28.95657 | P39: 25.523568 | Q39: 10.098363 | R39: 4.0922168 | S39: -14.156873 | T39: -65.096206 | U39: 6.6122033
C40: III TRIM | D40: 5.4999533 | E40: 7.8423859 | F40: -5.7806571 | G40: -0.38418139 | H40: 11.615753 | I40: 3.2743982 | J40: 5.9373552 | K40: 6.7218235 | L40: 13.533395 | M40: 2.08198 | N40: 18.724632 | O40: 27.286906 | P40: 5.2005662 | Q40: 11.065089 | R40: 4.2034647 | S40: -6.1421187 | T40: -58.62334 | U40: 4.8050756
C41: IV TRIM | D41: 7.5623572 | E41: 5.5615217 | F41: -5.3401742 | G41: 42.220298 | H41: 9.5818422 | I41: 5.1307504 | J41: 8.5682608 | K41: 6.4938681 | L41: 13.338645 | M41: 3.0430282 | N41: 10.983183 | O41: -35.061564 | P41: 11.299152 | Q41: 8.4514057 | R41: 5.5237866 | S41: -10.031992 | T41: 969.52491 | U41: -3.9059535
C42: Total | D42: 11.762347 | E42: 1.2216129 | F42: -2.3148496 | G42: -7.150935 | H42: 9.1177567 | I42: 9.831251 | J42: 12.563809 | K42: 8.53061 | L42: 11.28703 | M42: 9.5809444 | N42: 6.6445908 | O42: 2.3417734 | P42: 2.0490988 | Q42: 6.0094419 | R42: 11.018992 | S42: 6.5303124 | T42: 21.405138 | U42: 5.2936657
B43: 2010 | C43: I TRIM | D43: 10.686857 | E43: 0.95955169 | F43: 1.3722483 | G43: 25.814784 | H43: 8.192418 | I43: 25.359934 | J43: 12.320141 | K43: 6.9085508 | L43: 12.528248 | M43: 6.7258095 | N43: 1.084502 | O43: -14.822768 | P43: 8.4759386 | Q43: 15.559157 | R43: 7.743094 | S43: -27.628151 | T43: -79.782411 | U43: 7.9656829
C44: II TRIM | D44: 12.438608 | E44: -0.80363044 | F44: 1.8251557 | G44: -23.811487 | H44: 9.3054375 | I44: -2.2819386 | J44: 13.809871 | K44: 7.7036979 | L44: 11.79457 | M44: 9.3253088 | N44: -2.9106501 | O44: 2.0262573 | P44: 10.998417 | Q44: 5.7923701 | R44: 10.426479 | S44: 8.4858434 | T44: -64.551249 | U44: 10.375108
C45: III TRIM | D45: 12.499302 | E45: 0.15249659 | F45: -2.3252723 | G45: -11.511446 | H45: 9.7926824 | I45: 6.0504515 | J45: 13.327364 | K45: 8.8862424 | L45: 11.167438 | M45: 10.76469 | N45: 2.829716 | O45: -14.232893 | P45: 11.549442 | Q45: 2.9150128 | R45: 12.352549 | S45: 18.795531 | T45: -77.918311 | U45: 8.4229478
C46: IV TRIM | D46: 11.107975 | E46: 3.3932498 | F46: -10.042396 | G46: -8.7042559 | H46: 9.1037369 | I46: 12.42111 | J46: 10.854324 | K46: 10.345082 | L46: 10.670221 | M46: 10.905409 | N46: 23.343093 | O46: 38.366898 | P46: -13.157638 | Q46: 1.3981697 | R46: 13.199334 | S46: 30.677454 | T46: 73.318984 | U46: -5.0245538
C47: Total | D47: 6.9037063 | E47: 14.97 | F47: -5.0944431 | G47: 3.3630658 | H47: 9.7724124 | I47: 3.8529061 | J47: 8.3990889 | K47: 8.78 | L47: 5.9018482 | M47: 11.333548 | N47: 80.373137 | O47: 2.1844664 | P47: 0.3393163 | Q47: 5.5045058 | R47: 9.3766789 | S47: -4.1616472 | T47: 14.658395 | U47: 3.5938696
B48: 2011 | C48: I TRIM | D48: 8.5628147 | E48: 10.350616 | F48: -9.486725 | G48: -8.365393 | H48: 10.477449 | I48: 9.9424712 | J48: 6.8032219 | K48: 10.528215 | L48: 10.318948 | M48: 9.8629977 | N48: 63.536259 | O48: 17.803869 | P48: 1.3981742 | Q48: 4.2764112 | R48: 12.130194 | S48: 17.641516 | T48: 24.576295 | U48: 1.8924414
C49: II TRIM | D49: 6.7394121 | E49: 15.040054 | F49: -15.556185 | G49: 21.81146 | H49: 10.152132 | I49: 13.924348 | J49: 6.0533872 | K49: 10.023752 | L49: 9.2182571 | M49: 9.9856203 | N49: 93.147692 | O49: -12.642996 | P49: -11.242506 | Q49: 2.6882433 | R49: 10.386379 | S49: 11.091818 | T49: -64.577118 | U49: -2.3150179
C50: III TRIM | D50: 5.7736683 | E50: 17.161947 | F50: -4.1030982 | G50: -12.580248 | H50: 9.585784 | I50: 1.8257075 | J50: 7.9830917 | K50: 8.5161572 | L50: 6.4780993 | M50: 11.224158 | N50: 97.088682 | O50: 16.746945 | P50: -0.97289621 | Q50: 4.7210453 | R50: 8.6091104 | S50: -15.61637 | T50: 16.665022 | U50: 3.4034068
C51: IV TRIM | D51: 5.4662015 | E51: 17.089439 | F51: 10.323077 | G51: 14.642779 | H51: 9.0637329 | I51: -8.7655378 | J51: 12.736534 | K51: 6.4626642 | L51: 1.767454 | M51: 13.678302 | N51: 70.567588 | O51: -8.027556 | P51: 9.7424744 | Q51: 10.186239 | R51: 6.7707429 | S51: -18.406312 | T51: 18.07965 | U51: 12.124784
C52: Total | D52: 5.9993303 | E52: 9.7379309 | F52: 8.4989387 | G52: -2.1095712 | H52: 8.0074699 | I52: 10.255635 | J52: 23.91715 | K52: 7.0050092 | L52: -6.7529868 | M52: 10.617621 | N52: 5.5353379 | O52: 0.41498124 | P52: 3.5316264 | Q52: 20.6156 | R52: 6.8629856 | S52: -2.0652982 | T52: 7.7140031 | U52: 8.5031228
B53: 2012 | C53: I TRIM | D53: 5.7495189 | E53: 13.935255 | F53: 10.108351 | G53: 3.9801516 | H53: 7.1546023 | I53: 7.6686526 | J53: 20.111573 | K53: 9.1563558 | L53: -4.9603293 | M53: 17.302835 | N53: 28.78758 | O53: -11.743719 | P53: -1.3683571 | Q53: 20.218864 | R53: 9.473043 | S53: -4.6629672 | T53: 83.43123 | U53: 7.7985105
C54: II TRIM | D54: 6.0228035 | E54: 11.166152 | F54: 16.68491 | G54: -15.978794 | H54: 7.8082575 | I54: 10.961528 | J54: 24.482774 | K54: 7.8015021 | L54: -9.2238643 | M54: 16.346467 | N54: 6.401672 | O54: 18.954828 | P54: -2.504939 | Q54: 23.028197 | R54: 8.0909673 | S54: -0.44698862 | T54: 79.363943 | U54: 13.345404
C55: III TRIM | D55: 6.1886885 | E55: 8.7111554 | F55: 4.1630785 | G55: 14.479229 | H55: 8.2689191 | I55: 11.511448 | J55: 26.090154 | K55: 6.3661648 | L55: -9.0098637 | M55: 10.871568 | N55: -3.4807835 | O55: 13.067151 | P55: 9.7284574 | Q55: 21.949912 | R55: 6.0891363 | S55: -7.6168936 | T55: -14.053861 | U55: 5.9569056
C56: IV TRIM | D56: 6.2040343 | E56: 6.5069671 | F56: 4.2131798 | G56: -6.1159849 | H56: 8.6247528 | I56: 11.155166 | J56: 24.913691 | K56: 5.0152859 | L56: -3.4818887 | M56: 0.8562301 | N56: -2.8622659 | O56: -14.39351 | P56: 6.0929483 | Q56: 17.508039 | R56: 4.0247715 | S56: 4.2185559 | T56: 6.236069 | U56: 7.1086473
C57: Total | D57: 4.7968606 | E57: 2.3802407 | F57: -0.83284022 | G57: 4.0659313 | H57: 7.8571077 | I57: 25.293899 | J57: 16.14848 | K57: 5.6106703 | L57: 18.299683 | M57: 5.7526703 | N57: 18.040357 | O57: -3.3535144 | P57: 6.2757468 | Q57: 2.9999331 | R57: 4.3797921 | S57: 18.307685 | T57: 14.794754 | U57: 4.8830613
B58: 2013 | C58: I TRIM | D58: 6.5831807 | E58: 4.5324299 | F58: -2.1825081 | G58: -0.97153192 | H58: 9.8379497 | I58: 20.144736 | J58: 21.60084 | K58: 4.6175372 | L58: 8.2419254 | M58: 20.497408 | N58: 8.9623113 | O58: -12.645495 | P58: 15.461235 | Q58: 10.447684 | R58: 2.1385841 | S58: 19.542464 | T58: -25.314303 | U58: 12.294074
C59: II TRIM | D59: 5.6505613 | E59: 2.9521444 | F59: 3.0236774 | G59: 4.201842 | H59: 9.5108983 | I59: 30.844654 | J59: 18.130748 | K59: 4.6498498 | L59: 17.534242 | M59: 18.343908 | N59: 18.556135 | O59: -2.3981679 | P59: 11.911452 | Q59: 4.7831738 | R59: 2.3389426 | S59: 3.8253992 | T59: 160.46394 | U59: 7.7697355
C60: III TRIM | D60: 3.4248835 | E60: 1.7279476 | F60: 3.1865007 | G60: 7.2691868 | H60: 7.7932042 | I60: 15.025558 | J60: 14.570658 | K60: 5.7076727 | L60: 21.462318 | M60: 1.1723146 | N60: 23.35119 | O60: -9.247716 | P60: 0.063852546 | Q60: 0.4292438 | R60: 4.5304115 | S60: 17.903701 | T60: 3943.9416 | U60: -8.7007723
C61: IV TRIM | D61: 0.43295379 | E61: 0.78311983 | F61: -6.9501691 | G61: 5.6684909 | H61: 4.9656788 | I61: 35.435922 | J61: 10.864693 | K61: 7.3159008 | L61: 19.425774 | M61: -13.701336 | N61: 21.050675 | O61: 10.142264 | P61: 2.0045795 | Q61: -2.9296186 | R61: 8.6015161 | S61: 31.934944 | T61: -72.371059 | U61: 8.2202438
C62: Total | D62: 5.4734157 | E62: 30.658927 | F62: -2.475743 | G62: 0.671 | H62: -5.9797612 | I62: 3.5979524 | J62: 1.391877 | K62: 24.416039 | L62: 0.93026449 | M62: 12.33271 | N62: 8.78 | O62: -11.193198 | P62: 8.43518 | Q62: -3.520026 | R62: 15.026611 | S62: 7.4983954 | T62: 4.1561954 | U62: 4.6557236
B63: 2014 | C63: I TRIM | D63: 5.7081253 | E63: 37.952594 | F63: -9.7482307 | G63: -4.9727492 | H63: -12.80319 | I63: 12.445497 | J63: 1.2959233 | K63: 17.286314 | L63: 56.975637 | M63: 12.930962 | N63: 14.997761 | O63: -1.9879195 | P63: 9.5955817 | Q63: -2.2676446 | R63: 24.51097 | S63: 14.090845 | T63: 2296.8306 | U63: -8.3882649
C64: II TRIM | D64: 6.2380222 | E64: 23.668694 | F64: -6.7603033 | G64: 4.3987161 | H64: -13.378171 | I64: -11.332789 | J64: -21.919061 | K64: 19.560663 | L64: 60.973863 | M64: 14.260677 | N64: 6.4994076 | O64: -12.761172 | P64: 9.4503414 | Q64: -3.9013853 | R64: 14.258857 | S64: 36.061912 | T64: 668.62111 | U64: -4.928478
C65: III TRIM | D65: 5.8581017 | E65: 31.463 | F65: 0.30719074 | G65: 6.9095362 | H65: -9.3155531 | I65: 5.8900255 | J65: 9.4611931 | K65: 26.05943 | L65: -28.009952 | M65: 10.482383 | N65: 11.305524 | O65: -38.115871 | P65: 9.2617098 | Q65: -4.3563918 | R65: 10.517879 | S65: 28.324431 | T65: -73.269851 | U65: 22.562701
C66: IV TRIM | D66: 1.9734518 | E66: 29.058657 | F66: 6.5952702 | G66: -3.8904796 | H66: 9.1540821 | I66: 8.5492971 | J66: 15.084141 | K66: 33.576321 | L66: -31.11574 | M66: 11.465513 | N66: 3.5869624 | O66: 12.820581 | P66: 6.3583632 | Q66: -3.5701045 | R66: 12.039853 | S66: -36.279069 | T66: -48.364861 | U66: 12.551842
C67: Total | D67: 2.4652659 | E67: 14.197348 | F67: 10.986598 | G67: 6.54697 | H67: 4.7051866 | I67: 10.136999 | J67: -11.613154 | K67: -3.3332834 | L67: 0.72705099 | M67: 7.9644259 | N67: -0.24948396 | O67: 17.096448 | P67: -3.6040364 | Q67: 0.44032662 | R67: -8.9437009 | S67: -10.17093 | T67: 15.424275 | U67: 0.76317771
B68: 2015 | C68: I TRIM | D68: 1.2075321 | E68: 20.967361 | F68: 16.096339 | G68: 5.3776845 | H68: 24.989321 | I68: 5.927293 | J68: -24.009873 | K68: 6.5007449 | L68: 7.9045074 | M68: 6.0380633 | N68: -3.4673947 | O68: 46.466619 | P68: 3.0669648 | Q68: -1.7681155 | R68: 2.9413547 | S68: -8.1048546 | T68: 59.880398 | U68: 7.2883063
C69: II TRIM | D69: 2.2229398 | E69: 1.9850027 | F69: 14.946312 | G69: 5.8739961 | H69: 10.593772 | I69: 16.37971 | J69: -2.804417 | K69: -0.057748947 | L69: 7.7124006 | M69: 4.4120373 | N69: 1.2530786 | O69: 29.513409 | P69: 3.4046876 | Q69: 0.0088731906 | R69: -11.983864 | S69: -41.799693 | T69: -74.911248 | U69: 9.2042304
C70: III TRIM | D70: 1.477586 | E70: 23.438006 | F70: 8.1230223 | G70: 0.035496973 | H70: -1.2140045 | I70: 11.782665 | J70: -4.3460696 | K70: -6.734889 | L70: -3.1333696 | M70: 19.464349 | N70: -0.90740589 | O70: 42.732057 | P70: -8.2094253 | Q70: 1.3545956 | R70: -15.574257 | S70: -37.429881 | T70: -79.275846 | U70: -0.81900241
C71: IV TRIM | D71: 8.0094405 | E71: 10.515802 | F71: 5.7264543 | G71: 15.475589 | H71: -8.2721205 | I71: 7.6855246 | J71: -13.418255 | K71: -10.570209 | L71: -11.687632 | M71: 0.82760016 | N71: 1.8829157 | O71: -19.659051 | P71: -9.5254919 | Q71: 2.2710058 | R71: -10.733261 | S71: 83.247126 | T71: 325.44498 | U71: -10.38862
C72: Total | D72: 1.765992 | E72: 7.4540369 | F72: -2.5457987 | G72: 0.027999959 | H72: 5.0610463 | I72: 9.2074299 | J72: 2.5457291 | K72: -5.2686149 | L72: 0.84430791 | M72: 3.6332192 | N72: -5.0539286 | O72: 1.9053257 | P72: -15.622735 | Q72: 3 | R72: 10.416179 | S72: 1.5783902 | T72: -73.770213 | U72: -0.23307695
B73: 2016 | C73: I TRIM | D73: 2.0236752 | E73: -24.183396 | F73: 4.5739869 | G73: 11.10552 | H73: 2.645188 | I73: 8.0955818 | J73: 20.026224 | K73: 3.2537762 | L73: 6.1117666 | M73: 3.0529675 | N73: 2.4564799 | O73: 3.4111403 | P73: -12.040303 | Q73: 2.4114044 | R73: 2.0695474 | S73: -10.821684 | T73: -94.989435 | U73: 5.2286427
C74: II TRIM | D74: 3.4702215 | E74: 4.9237045 | F74: -1.2458234 | G74: -9.3446956 | H74: 3.1175364 | I74: 9.7988766 | J74: 10.512131 | K74: -3.0090215 | L74: -12.661494 | M74: 0.99326348 | N74: -2.3894232 | O74: 1.700987 | P74: -19.639463 | Q74: 2.8506695 | R74: 6.501105 | S74: 24.781814 | T74: 10.438404 | U74: -0.30843395
C75: III TRIM | D75: 4.4220049 | E75: 27.877003 | F75: -3.4541397 | G75: 5.6337406 | H75: 8.8901792 | I75: 9.4316823 | J75: -17.572986 | K75: -6.4955672 | L75: 3.8036536 | M75: 8.5444477 | N75: -6.0533553 | O75: -3.6712565 | P75: -11.994133 | Q75: 3.2101098 | R75: 12.223442 | S75: 25.927413 | T75: 126.00492 | U75: -2.9916843
C76: IV TRIM | D76: -8.0910107 | E76: 23.764284 | F76: -9.7628724 | G76: -5.7041328 | H76: 5.74157 | I76: 9.5722579 | J76: 5.4105195 | K76: -14.043695 | L76: 19.518267 | M76: 0.78973337 | N76: -12.754666 | O76: 6.3998482 | P76: -18.348605 | Q76: 3.5311591 | R76: 22.361927 | S76: -15.564088 | T76: -81.13105 | U76: -2.7698856
C77: Total | D77: 0.064576318 | E77: -1.0910506 | F77: -8.5947161 | G77: -0.77964307 | H77: 1.6208821 | I77: -1.687075 | J77: 2.5057291 | K77: 0.13420702 | L77: -0.79674599 | M77: 2.5887435 | N77: 0.86604057 | O77: -10.687108 | P77: 0.27406567 | Q77: 3.0053882 | R77: 9.6015657 | S77: -0.45601018 | T77: -39.008632 | U77: -0.16468866
B78: 2017 | C78: I TRIM | D78: -2.8320447 | E78: 11.876103 | F78: -12.125784 | G78: 1.354752 | H78: 5.2916192 | I78: -0.9453407 | J78: -18.051336 | K78: -6.1283352 | L78: -5.9016942 | M78: -0.034927095 | N78: 0.81068044 | O78: -11.414512 | P78: -8.5119929 | Q78: 3.4895242 | R78: 13.150893 | S78: 12.862444 | T78: -46.379889 | U78: -4.9650598
C79: II TRIM | D79: 0.73004802 | E79: 20.365439 | F79: -10.211897 | G79: 11.069522 | H79: -0.33857202 | I79: -6.4463627 | J79: -10.913958 | K79: 1.9634028 | L79: 6.9941511 | M79: 1.2577572 | N79: 0.057248954 | O79: -9.2370296 | P79: -1.5540415 | Q79: 3.4280542 | R79: 12.337784 | S79: 21.146852 | T79: -34.489634 | U79: -0.86498372
C80: III TRIM | D80: 1.1258398 | E80: -0.4577114 | F80: -7.1223089 | G80: -20.372812 | H80: 1.2326452 | I80: 2.0221564 | J80: 25.905246 | K80: 2.2088421 | L80: -1.4928344 | M80: 6.0525827 | N80: 2.638269 | O80: -5.6361522 | P80: 4.2921626 | Q80: 2.9647977 | R80: 9.9879813 | S80: -0.7962892 | T80: -16.295285 | U80: 4.2595475
C81: IV TRIM | D81: 3.4382752 | E81: -19.35876 | F81: -4.4956625 | G81: 7.631158 | H81: 0.34885472 | I81: -1.2716038 | J81: 10.858889 | K81: 3.0689402 | L81: -7.3838065 | M81: 2.3994716 | N81: -0.029420679 | O81: -15.996799 | P81: 6.0576236 | Q81: 2.143711 | R81: 3.3436565 | S81: -26.55804 | T81: -63.455675 | U81: 1.2577882
C82: Total | D82: -0.26663931 | E82: -3.7590264 | F82: -9.1895045 | G82: -3.0869814 | H82: 1.1977986 | I82: 3.0683053 | J82: -0.0053010531 | K82: -0.30070271 | L82: 0.03990369 | M82: -0.14851806 | N82: -0.016730308 | O82: 28.635629 | P82: 2.0848928 | Q82: 0.34135733 | R82: 0.43964081 | S82: 5.4015252 | T82: -28.302809 | U82: -0.50669754
B83: 2018 | C83: I TRIM | D83: 1.8805901 | E83: 1.6058559 | F83: -6.7934788 | G83: -3.0905866 | H83: 1.2515404 | I83: 5.1116138 | J83: -27.309673 | K83: 1.1408176 | L83: 1.877114 | M83: 2.8589519 | N83: -0.98564405 | O83: 17.993444 | P83: 6.7853877 | Q83: 0.65177078 | R83: 2.9221086 | S83: 8.2190328 | T83: -99.979628 | U83: -1.4473619
C84: II TRIM | D84: -1.87636 | E84: 7.1956663 | F84: -7.5670416 | G84: -2.8232729 | H84: -2.6379531 | I84: 11.957538 | J84: -8.0475552 | K84: -4.0627203 | L84: -0.12102895 | M84: 2.9691469 | N84: 4.0448757 | O84: 15.213724 | P84: -3.4197274 | Q84: 0.077146833 | R84: -6.231438 | S84: -9.6882629 | T84: -61.296094 | U84: -2.5631023
C85: III TRIM | D85: -1.5899423 | E85: -15.176994 | F85: -12.200962 | G85: -13.062052 | H85: -1.6448676 | I85: -4.2761808 | J85: 0.45176159 | K85: -2.4892577 | L85: -0.43447716 | M85: -4.1753048 | N85: 8.019273 | O85: 14.133292 | P85: 5.0068323 | Q85: 0.042044697 | R85: 3.3309858 | S85: 4.6904135 | T85: -82.064616 | U85: -1.9506975
C86: IV TRIM | D86: 2.087601 | E86: -5.9284006 | F86: -10.136195 | G86: 4.5938029 | H86: 6.6621296 | I86: -0.069954254 | J86: 22.830396 | K86: 4.2978006 | L86: -0.64175935 | M86: -1.6165603 | N86: -11.154875 | O86: 66.677532 | P86: -0.11244826 | Q86: 0.59578229 | R86: 1.5191462 | S86: 22.461629 | T86: 187.68669 | U86: 4.0872564
C87: Total | D87: 1.3544907 | E87: -14.788289 | F87: -7.1960941 | G87: 4.5741133 | H87: -2.8096627 | I87: 4.5023241 | J87: 4.4932393 | K87: 1.8775997 | L87: 0.51416226 | M87: 6.9947497 | N87: -1.7128516 | O87: -7.3261036 | P87: 2.4136021 | Q87: 2.4982247 | R87: 5.5811805 | S87: -27.713443 | T87: -37.99292 | U87: -1.0552341
B88: 2019 | C88: I TRIM | D88: 1.4034246 | E88: 6.3862813 | F88: -7.5270111 | G88: 3.6462933 | H88: -9.465926 | I88: 1.1487747 | J88: 61.963259 | K88: 1.4301477 | L88: 0.93635818 | M88: -0.40022743 | N88: 0.88820197 | O88: -6.2381326 | P88: 2.0099296 | Q88: 1.4408669 | R88: -6.2891143 | S88: -39.63743 | T88: -17.629404 | U88: 2.0022814
C89: II TRIM | D89: 1.7736687 | E89: -20.977802 | F89: -6.5406912 | G89: -1.663951 | H89: 1.9848999 | I89: 0.81040304 | J89: -13.456316 | K89: 3.3838488 | L89: -1.843609 | M89: -2.6576251 | N89: -2.6201066 | O89: -16.289899 | P89: 1.4006094 | Q89: 2.3538832 | R89: 12.430859 | S89: -39.764769 | T89: 50.348685 | U89: -2.3369875
C90: III TRIM | D90: 1.9016016 | E90: -26.228886 | F90: -7.8812751 | G90: 43.513737 | H90: -3.2724806 | I90: 5.5798704 | J90: 2.0356136 | K90: 3.208051 | L90: 1.1326507 | M90: 0.072215407 | N90: -2.4172496 | O90: -29.019402 | P90: 6.0236214 | Q90: 2.9488397 | R90: 7.3700551 | S90: -36.804978 | T90: 202.57418 | U90: -2.6056544
C91: IV TRIM | D91: -1.0025547 | E91: -18.308059 | F91: -6.8291184 | G91: -15.013866 | H91: -0.22359941 | I91: 10.657897 | J91: -8.1609995 | K91: -0.35671325 | L91: 3.4714775 | M91: 41.196803 | N91: -2.6757715 | O91: 13.339253 | P91: 0.30436039 | Q91: 3.2583835 | R91: 10.385897 | S91: 3.9035538 | T91: -94.575512 | U91: -1.1953922
C92: Total | D92: 5.4772823 | E92: -6.0775893 | F92: -6.7299263 | G92: -11.008873 | H92: 4.8306856 | I92: 2.9149716 | J92: -25.774477 | K92: 3.4774594 | L92: -0.0540538 | M92: -38.71755 | N92: -9.7812547 | O92: -4.9164668 | P92: -5.0614248 | Q92: -4.6907003 | R92: 2.8349306 | S92: 54.910174 | T92: 1249.2384 | U92: -5.2734913
B93: 2020 | C93: I TRIM | D93: 6.5073882 | E93: -2.3394502 | F93: -1.2255483 | G93: -5.7789583 | H93: 8.2750136 | I93: 5.6850729 | J93: -18.89611 | K93: 2.525206 | L93: -0.8972283 | M93: -1.8690169 | N93: -10.771693 | O93: 71.816505 | P93: -0.013280239 | Q93: 2.9554936 | R93: 22.170735 | S93: 78.641171 | T93: 15240810 | U93: 1.0934141
C94: II TRIM | D94: 0.51048781 | E94: -19.145637 | F94: -9.0476931 | G94: -16.754583 | H94: -5.3744789 | I94: 5.7642987 | J94: -27.667041 | K94: -12.692112 | L94: 1.6093921 | M94: -79.014455 | N94: -10.524175 | O94: 25.129348 | P94: -7.1604858 | Q94: -17.589151 | R94: -16.745358 | S94: 75.021479 | T94: 288.24681 | U94: -10.491407
C95: III TRIM | D95: 5.8449496 | E95: -15.422609 | F95: -5.721724 | G95: -24.445642 | H95: 7.6313249 | I95: 3.2103875 | J95: -29.523138 | K95: 3.2490415 | L95: -0.31471236 | M95: -67.929507 | N95: -13.330033 | O95: -5.4303687 | P95: -5.3701173 | Q95: -7.2533856 | R95: 5.6974188 | S95: 88.109567 | T95: 588.18553 | U95: -6.9106673
C96: IV TRIM | D96: 18.365807 | E96: 7.1045377 | F96: -11.118503 | G96: 4.2896118 | H96: 7.7261235 | I96: -2.4943508 | J96: -26.386078 | K96: 20.398349 | L96: -1.7643042 | M96: -2.2168598 | N96: -3.4270194 | O96: -61.900964 | P96: -7.5595933 | Q96: 3.1130239 | R96: 0.44516659 | S96: 11.373885 | T96: 6040.0598 | U96: -4.9113214
C97: Total | D97: 5.14 | E97: 46.42 | F97: -11.450627 | G97: 10.43 | H97: 6.052478 | I97: 1.79 | J97: -6.69 | K97: 13.99 | L97: -22.31 | M97: 28.89 | N97: 1.35 | O97: -15.96 | P97: 2.42 | Q97: 3 | R97: 7.8582036 | S97: -8.021309 | T97: 64.514846 | U97: 1.0905837
B98: 2021 | C98: I TRIM | D98: -10.824551 | E98: 33.903554 | F98: -19.181822 | G98: 27.251724 | H98: 0.92685928 | I98: 0.8559235 | J98: -27.241279 | K98: -2.1909523 | L98: 0.54921605 | M98: -5.1666037 | N98: -3.5620388 | O98: -51.697554 | P98: 3.9427665 | Q98: 2.8759036 | R98: -4.3748116 | S98: -5.2145788 | T98: 0.53286044 | U98: -8.2325594
C99: II TRIM | D99: 10.766192 | E99: 68.602813 | F99: -12.278371 | G99: -9.7697482 | H99: 6.0874672 | I99: 2.1971491 | J99: -31.365554 | K99: 10.267854 | L99: -10.594114 | M99: 60.974649 | N99: 6.5438461 | O99: -17.428933 | P99: 4.4076042 | Q99: 2.977967 | R99: 37.125084 | S99: 0.56848638 | T99: 198.53307 | U99: 2.4309944
C100: III TRIM | D100: 8.8797745 | E100: 75.694587 | F100: -10.752779 | G100: -2.5747555 | H100: 14.459565 | I100: 2.2319762 | J100: -8.5428181 | K100: 23.830749 | L100: -50.998668 | M100: 69.784039 | N100: 6.6606553 | O100: 23.629935 | P100: 1.8552344 | Q100: 3.0400597 | R100: -1.1335769 | S100: -12.551236 | T100: 78.559925 | U100: 2.5303236
...

Sheet Q7
C1: Quadro 7 - Contribuição % das Actividades Económicas na Taxa de Crescimento do PIB Trimestral - Medidas de Volume Encadeadas (Não Ajustada)
B2: Período | D2: Agro-Pecuária e Silvicultura | E2: Pesca e Aquicultura | F2: Extracção e Refino de Petróleo | G2: Extracção de Diamantes, Minerais Metálicos e de Outros Minerais não Metálicos | H2: Produtos da Indústria Transformadora | I2: Produção de Electricidade, Água e Saneamento | J2: Construção | K2: Comércio e Raparação de Veiculos | L2: Serviço de Alojamento e Restauração | M2: Transportes e Armazenagem | N2: Actividades de informação e de comunicação | O2: Intermediação Financeira e de Seguros | P2: Administração Pública, Defesa e Segurança Social Obrigatória | Q2: Serviços Imobiliários e Aluguer | R2: Outros Serviços | S2: Imposto sobre os produtos | T2: Subsídios (-) | U2: PRODUCTO INTERNO BRUTO
B4: 2002 | C4: I TRIM | D4: 0 | E4: 0 | F4: 0 | G4: 0 | H4: 0 | I4: 0 | J4: 0 | K4: 0 | L4: 0 | M4: 0 | N4: 0 | O4: 0 | P4: 0 | Q4: 0 | R4: 0 | S4: 0 | T4: 0 | U4: 0
C5: II TRIM | D5: 0 | E5: 0 | F5: 0 | G5: 0 | H5: 0 | I5: 0 | J5: 0 | K5: 0 | L5: 0 | M5: 0 | N5: 0 | O5: 0 | P5: 0 | Q5: 0 | R5: 0 | S5: 0 | T5: 0 | U5: 0
C6: III TRIM | D6: 0 | E6: 0 | F6: 0 | G6: 0 | H6: 0 | I6: 0 | J6: 0 | K6: 0 | L6: 0 | M6: 0 | N6: 0 | O6: 0 | P6: 0 | Q6: 0 | R6: 0 | S6: 0 | T6: 0 | U6: 0
C7: IV TRIM | D7: 0 | E7: 0 | F7: 0 | G7: 0 | H7: 0 | I7: 0 | J7: 0 | K7: 0 | L7: 0 | M7: 0 | N7: 0 | O7: 0 | P7: 0 | Q7: 0 | R7: 0 | S7: 0 | T7: 0 | U7: 0
B8: 2003 | C8: I TRIM | D8: 0.21000352 | E8: 0.015065808 | F8: -0.17231627 | G8: -0.0016852433 | H8: 0.039502457 | I8: 0.037429662 | J8: 0.20568792 | K8: 0.18313305 | L8: 0.012606804 | M8: -0.0019339268 | N8: 0.011750115 | O8: -0.011050503 | P8: 0.21123793 | Q8: -0.042989321 | R8: 0.031885953 | S8: 0.13063938 | T8: -0.039816611 | U8: 0.81915072
C9: II TRIM | D9: 1.0656213 | E9: 0.050570789 | F9: -0.52148636 | G9: 0.14734463 | H9: 0.19060661 | I9: 0.084055795 | J9: 0.78600319 | K9: 0.97475204 | L9: 0.12501399 | M9: 0.00416373 | N9: 0.045789241 | O9: 0.098454342 | P9: 0.71729276 | Q9: 0.084285941 | R9: 0.23036957 | S9: 0.39213781 | T9: -0.021661185 | U9: 4.4533142
C10: III TRIM | D10: 0.74771092 | E10: 0.062529908 | F10: -0.60857224 | G10: 0.22864396 | H10: 0.29125443 | I10: -0.010139294 | J10: 1.2769683 | K10: 0.79310717 | L10: 0.25091378 | M10: 0.038277633 | N10: 0.053495305 | O10: 0.20955109 | P10: 0.78857502 | Q10: 0.40428412 | R10: 0.18644804 | S10: 0.38134833 | T10: 0.12138656 | U10: 5.2157831
C11: IV TRIM | D11: 0.48836164 | E11: 0.10262917 | F11: -0.46623106 | G11: 0.10471527 | H11: 0.35525903 | I11: 0.057087457 | J11: 1.3217684 | K11: -0.14612198 | L11: 0.34236806 | M11: 0.085670158 | N11: 0.045955922 | O11: 0.13596354 | P11: 0.54618411 | Q11: 0.091132578 | R11: -0.092460443 | S11: 0.18182064 | T11: 0.28184428 | U11: 3.4359468
B12: 2004 | C12: I TRIM | D12: 0.079395701 | E12: 0.0054021361 | F12: 0.11722949 | G12: 0.0091355402 | H12: 0.043117144 | I12: 0.00016444602 | J12: 0.11688534 | K12: 0.098809959 | L12: 0.010097821 | M12: 0.0087881955 | N12: 0.0011191376 | O12: 0.019354199 | P12: 0.09082216 | Q12: 0.05513186 | R12: 0.058908954 | S12: 0.00690063 | T12: -0.1902729 | U12: 0.53098981
C13: II TRIM | D13: 2.4864448 | E13: 0.10702375 | F13: 3.1597075 | G13: 0.097665194 | H13: 1.5010255 | I13: 0.11716379 | J13: 2.9135366 | K13: 1.3148189 | L13: 0.64024215 | M13: 0.33602792 | N13: 0.036793123 | O13: -0.12983346 | P13: 1.0076155 | Q13: 0.78425066 | R13: 1.3444647 | S13: 0.4869769 | T13: 1.3767969 | U13: 17.58072
C14: III TRIM | D14: 1.183727 | E14: 0.07479765 | F14: 3.1095462 | G14: -0.082205805 | H14: 1.5143012 | I14: 0.27671593 | J14: 2.9935633 | K14: 0.2177069 | L14: 0.70392951 | M14: 0.45509795 | N14: 0.07540323 | O14: -0.073057173 | P14: 2.2787376 | Q14: -0.57716825 | R14: 0.72097513 | S14: -0.49152711 | T14: 1.2431709 | U14: 13.623714
C15: IV TRIM | D15: 0.82256193 | E15: 0.096886276 | F15: 3.5044018 | G15: 0.13255449 | H15: 1.509429 | I15: 0.19001826 | J15: 2.9320778 | K15: -0.0061322823 | L15: 0.61058251 | M15: 0.60743931 | N15: 0.11037037 | O15: 0.12738062 | P15: 1.0476494 | Q15: -1.092102 | R15: 0.37789907 | S15: 0.74036466 | T15: 1.577587 | U15: 13.288968
B16: 2005 | C16: I TRIM | D16: 1.4390712 | E16: 0.040461273 | F16: 11.070722 | G16: -0.24220741 | H16: 1.3339901 | I16: 0.24085083 | J16: 4.0151596 | K16: 3.6730556 | L16: 0.032024538 | M16: 0.82096648 | N16: -0.074024083 | O16: 0.0040394039 | P16: 4.2255123 | Q16: 0.3430239 | R16: 1.2987019 | S16: 1.2522942 | T16: 9.6125462 | U16: 39.086188
C17: II TRIM | D17: 0.83745592 | E17: 0.021322437 | F17: 6.01615 | G17: -0.10080019 | H17: 0.57978692 | I17: 0.029555229 | J17: 1.7512301 | K17: 1.8452644 | L17: -0.20847034 | M17: 0.52133269 | N17: -0.25396597 | O17: 0.68582714 | P17: 2.2861694 | Q17: 0.24484135 | R17: 0.44431988 | S17: 0.23468925 | T17: -0.08828659 | U17: 14.846421
C18: III TRIM | D18: 0.64724033 | E18: 0.062091621 | F18: 6.5145801 | G18: -0.21607385 | H18: 0.52847636 | I18: -0.026571016 | J18: 1.8378345 | K18: 1.6338244 | L18: -0.38675692 | M18: 0.67109759 | N18: -0.47529989 | O18: 0.71436128 | P18: 0.48031238 | Q18: 0.34096815 | R18: 0.42527711 | S18: 0.7037595 | T18: -0.090789938 | U18: 13.364332
C19: IV TRIM | D19: 0.41120873 | E19: 0.14089833 | F19: 3.7734563 | G19: -5.4079862 | H19: 0.40302941 | I19: 0.1243993 | J19: 0.97377866 | K19: 0.65918219 | L19: -2.7075994 | M19: 0.40604162 | N19: -2.9533594 | O19: 0.6794379 | P19: 2.1986442 | Q19: 0.23369479 | R19: 0.38070736 | S19: 0.2452982 | T19: -3.9848876 | U19: -4.4240556
B20: 2006 | C20: I TRIM | D20: 1.5423993 | E20: 0.19572446 | F20: 2.3882778 | G20: 0.16925992 | H20: 0.40689084 | I20: 0.12794374 | J20: 0.95637455 | K20: 0.75200871 | L20: 0.088076491 | M20: 0.27964385 | N20: -0.13456867 | O20: 0.14129991 | P20: 0.31898071 | Q20: 0.14575891 | R20: 0.89890024 | S20: -0.25549144 | T20: -0.76748072 | U20: 7.2539986
C21: II TRIM | D21: 1.7388041 | E21: 0.15471129 | F21: 1.5689118 | G21: 0.065034633 | H21: 0.31147603 | I21: 0.094474267 | J21: 0.68034994 | K21: 0.27044173 | L21: 0.30749375 | M21: 0.19494808 | N21: 0.039383732 | O21: -0.029836035 | P21: 1.7242303 | Q21: 0.11126524 | R21: 0.75034603 | S21: -0.054873987 | T21: -0.59295073 | U21: 7.3342102
C22: III TRIM | D22: 1.2263117 | E22: 0.19635424 | F22: 2.4072114 | G22: 0.18259 | H22: 0.39766968 | I22: 0.1445991 | J22: 1.1375884 | K22: 0.26652862 | L22: 0.66528248 | M22: 0.26535352 | N22: 0.17841439 | O22: 0.32652435 | P22: 0.43425478 | Q22: 0.12196145 | R22: 0.77314083 | S22: 0.50344405 | T22: -0.84069996 | U22: 8.386529
C23: IV TRIM | D23: 1.1982527 | E23: 0.532414 | F23: 4.6650682 | G23: 0.45853754 | H23: 0.77273099 | I23: 0.35504442 | J23: 2.3071811 | K23: 0.77861338 | L23: 1.3534518 | M23: 0.42595058 | N23: 0.42580101 | O23: 1.7781922 | P23: 4.5052401 | Q23: 0.87496255 | R23: 0.51340334 | S23: 1.0747852 | T23: 3.3986812 | U23: 25.41831
B24: 2007 | C24: I TRIM | D24: 1.2665504 | E24: 0.18938915 | F24: 5.357265 | G24: 0.1069127 | H24: 0.30974016 | I24: -0.32240095 | J24: 2.1088783 | K24: 1.0330963 | L24: 0.2253405 | M24: 0.20858059 | N24: 0.14114247 | O24: 0.50025231 | P24: 2.1340765 | Q24: 0.30181549 | R24: -0.40202298 | S24: 1.3605936 | T24: -0.41887821 | U24: 14.100331
C25: II TRIM | D25: 1.1420229 | E25: 0.10492438 | F25: 5.4630391 | G25: -0.017109706 | H25: 0.22530722 | I25: 0.300669 | J25: 2.226637 | K25: 1.5579122 | L25: 0.35561992 | M25: 0.27453582 | N25: 0.071393367 | O25: 0.58580338 | P25: 0.81528314 | Q25: 0.31490656 | R25: -1.0236849 | S25: 1.0364749 | T25: 0.32568216 | U25: 13.759416
C26: III TRIM | D26: 0.4383808 | E26: 0.048369015 | F26: 4.9551632 | G26: 0.13259342 | H26: 0.16877928 | I26: 0.26063511 | J26: 2.2918512 | K26: 1.8364071 | L26: 0.2775718 | M26: 0.41311939 | N26: 0.049355883 | O26: 0.2285327 | P26: 3.3498037 | Q26: 0.32296234 | R26: -1.0641092 | S26: 0.6126838 | T26: 1.0034586 | U26: 15.325558
C27: IV TRIM | D27: 0.35188107 | E27: 0.040688664 | F27: 6.2152984 | G27: 0.55977335 | H27: 0.30928749 | I27: 0.1442213 | J27: 2.4508578 | K27: 2.6984207 | L27: 0.30265944 | M27: 0.77273693 | N27: 0.1613321 | O27: -0.77567831 | P27: -0.57210509 | Q27: -0.063062982 | R27: -0.89335189 | S27: -0.98990688 | T27: -1.5882598 | U27: 9.1247923
B28: 2008 | C28: I TRIM | D28: 1.0861303 | E28: 0.015363508 | F28: 3.5121676 | G28: 0.15481762 | H28: 0.27831897 | I28: 0.69690681 | J28: 2.1355787 | K28: 2.599341 | L28: 0.1075126 | M28: 0.8907442 | N28: 0.31994802 | O28: -0.19686897 | P28: -1.9971794 | Q28: 0.35025348 | R28: -0.15082868 | S28: -0.45573108 | T28: 0.36502912 | U28: 9.7115038
C29: II TRIM | D29: 0.86867421 | E29: 0.0082749233 | F29: 1.9232604 | G29: 0.21567376 | H29: 0.14701129 | I29: -0.14371564 | J29: 0.86827096 | K29: 1.5736032 | L29: 0.14539511 | M29: 0.60626763 | N29: 0.2594589 | O29: -0.13445092 | P29: -0.26122344 | Q29: 0.26585499 | R29: 0.20142917 | S29: 0.61166696 | T29: -0.93424879 | U29: 6.2212027
C30: III TRIM | D30: 0.44694106 | E30: 0.015150747 | F30: 1.7355352 | G30: 0.046024927 | H30: 0.13807008 | I30: 0.0033645069 | J30: 0.71388761 | K30: 1.5332553 | L30: 0.19797079 | M30: 0.66193938 | N30: 0.28082298 | O30: 0.04908139 | P30: 0.91649752 | Q30: 0.31909886 | R30: 0.34344938 | S30: 0.69483913 | T30: -1.0066486 | U30: 7.0892803
C31: IV TRIM | D31: 0.43788114 | E31: 0.080134571 | F31: 2.656196 | G31: -0.63813594 | H31: 0.31750229 | I31: 0.017961602 | J31: 0.85505015 | K31: 2.4204399 | L31: 0.42876566 | M31: 0.91047732 | N31: 0.53647975 | O31: 1.5418379 | P31: 5.0190686 | Q31: 0.63835104 | R31: 0.52475344 | S31: 1.172567 | T31: 2.937827 | U31: 19.857157
B32: 2009 | C32: I TRIM | D32: 0.12769727 | E32: 0.016893075 | F32: -0.35774093 | G32: -0.037784431 | H32: 0.068622534 | I32: -0.019377023 | J32: 0.10921406 | K32: 0.23577646 | L32: 0.02484766 | M32: 0.062988557 | N32: 0.063238402 | O32: 0.14620255 | P32: 0.60088987 | Q32: 0.0017131246 | R32: 0.046079537 | S32: 0.24641162 | T32: 0.099087415 | U32: 1.4347597
C33: II TRIM | D33: 0.77789676 | E33: 0.08300322 | F33: -1.4818051 | G33: 0.087133564 | H33: 0.45456188 | I33: 0.22552413 | J33: 0.50327802 | K33: 0.97996103 | L33: 0.29246077 | M33: 0.15885076 | N33: 0.27462605 | O33: 0.50286404 | P33: 2.669855 | Q33: 0.37227047 | R33: 0.19799222 | S33: -0.55330812 | T33: 1.0670387 | U33: 6.6122033
C34: III TRIM | D34: 0.53668265 | E34: 0.074500821 | F34: -1.4310861 | G34: -0.0035052475 | H34: 0.60192264 | I34: 0.031262945 | J34: 0.75760419 | K34: 0.90210056 | L34: 0.40610378 | M34: 0.10576938 | N34: 0.22474096 | O34: 0.70482916 | P34: 0.69539693 | Q34: 0.44277027 | R34: 0.21949792 | S34: -0.26797799 | T34: 0.8044627 | U34: 4.8050756
C35: IV TRIM | D35: 0.37622501 | E35: 0.071012688 | F35: -3.560851 | G35: 0.19827236 | H35: 0.45970822 | I35: 0.039812415 | J35: 0.81313583 | K35: 0.73459397 | L35: 0.36738273 | M35: 0.12469284 | N35: 0.12570528 | O35: -3.6734634 | P35: 1.8058717 | Q35: 0.28153342 | R35: 0.21074233 | S35: -0.34077336 | T35: -1.9395546 | U35: -3.9059535
B36: 2010 | C36: I TRIM | D36: 1.9704278 | E36: 0.015384657 | F36: 0.39839151 | G36: 0.21227234 | H36: 0.53225375 | I36: 0.2718706 | J36: 2.016611 | K36: 1.1193854 | L36: 0.18546212 | M36: 0.35118731 | N36: 0.018148071 | O36: -0.44613485 | P36: 1.3510898 | Q36: 0.71857252 | R36: 0.44405482 | S36: -1.5006512 | T36: 0.3073573 | U36: 7.9656829
C37: II TRIM | D37: 2.5867936 | E37: -0.0097491788 | F37: 0.45388613 | G37: -0.26083335 | H37: 0.56345268 | I37: -0.025572093 | J37: 1.8239055 | K37: 1.1580746 | L37: 0.34237382 | M37: 0.45417387 | N37: -0.045706863 | O37: 0.0521066 | P37: 1.6582612 | Q37: 0.26995786 | R37: 0.60297126 | S37: 0.32692752 | T37: 0.42408509 | U37: 10.375108
C38: III TRIM | D38: 1.2764197 | E38: 0.001549742 | F38: -0.53802114 | G38: -0.10378569 | H38: 0.56184614 | I38: 0.05918011 | J38: 1.7870621 | K38: 1.2625139 | L38: 0.37740213 | M38: 0.55377193 | N38: 0.039999038 | O38: -0.46419814 | P38: 1.6116033 | Q38: 0.12851046 | R38: 0.6667433 | S38: 0.76348972 | T38: 0.43886125 | U38: 8.4229478
C39: IV TRIM | D39: 0.61857048 | E39: 0.047595655 | F39: -3.5037816 | G39: -1.6255865 | H39: 0.49807537 | I39: 0.10544629 | J39: 1.1638033 | K39: 1.2968984 | L39: 0.34662666 | M39: 0.47918106 | N39: 0.30856338 | O39: 0.85718209 | P39: -4.0007361 | Q39: 0.052565356 | R39: 0.55299447 | S39: 0.97563952 | T39: -3.1975916 | U39: -5.0245538
B40: 2011 | C40: I TRIM | D40: 0.46397766 | E40: 0.044484325 | F40: -0.74128757 | G40: -0.022978247 | H40: 0.19553881 | I40: 0.035476535 | J40: 0.33208762 | K40: 0.48421008 | L40: 0.045638969 | M40: 0.14593068 | N40: 0.28535158 | O40: 0.12118496 | P40: 0.06418966 | Q40: 0.060595772 | R40: 0.19900006 | S40: 0.18412275 | T40: -0.0050822512 | U40: 1.8924414
